INSERT INTO users (id, name, email, password, type)
VALUES
            ('698e415e-ca7c-11ed-afa1-0242ac120002', 'Yen Vengerberg', 'yen@gmail.com', 'password', 'physician');

INSERT INTO occupations (id, name)
VALUES
            ('bd1d85c8-ca7c-11ed-afa1-0242ac120002', 'Gynecologist'),
            ('d5e7c80c-ca7c-11ed-afa1-0242ac120002', 'Family physicians'),
            ('db898962-ca7c-11ed-afa1-0242ac120002', 'Neurologists'),
            ('c07baa19-9933-4faf-8489-b81a127e4408', 'Radiologists'),
            ('6128b07b-3108-486a-890b-b52f1e227e1f', 'Cryptologist'),
            ('4a1621e4-05a4-11ec-9a03-0242ac130003', 'Pulmonologist'),
            ('5fca1384-05a4-11ec-9a03-0242ac130003', 'Oncologist'),
            ('6df1266e-05a4-11ec-9a03-0242ac130003', 'Psychologist'),
            ('7c8ecb0c-05a4-11ec-9a03-0242ac130003', 'Geriatrician'),
            ('899f8fd2-05a4-11ec-9a03-0242ac130003', 'Emergency Medicine Physician'),
            ('9771dd68-05a4-11ec-9a03-0242ac130003', 'Nurse Practitioner'),
            ('a43c53f4-05a4-11ec-9a03-0242ac130003', 'General Surgeon'),
            ('b21c6d7c-05a4-11ec-9a03-0242ac130003', 'Ophthalmologist'),
            ('27004ebf-7c16-419e-8592-a4ae0be2cddd', 'Homeopath'),
            ('8d33cd28-e35a-4f50-8162-4af412f0ae8a', 'Mentalist'),
            ('bfc1ef0c-05a4-11ec-9a03-0242ac130003', 'Pediatric Cardiologist');



INSERT INTO users (id, name, email, password, type)
VALUES
            ('e89e027e-cb1f-11ed-afa1-0342ac123002', 'Giedrius Jocius', 'GiedriusJocius@devBridge.com','password', 'patient'),
            ('f5e843ba-ce74-11ed-afa1-0242ac120002', 'Patient patient', 'patient@yahoo.com', 'passowrd', 'patient'),
            ('f5a643ba-ce99-11ed-afa1-1232ac120002', 'Patientas patientas', 'patientas@yahoo.com', 'passowrd', 'patient'),
            ('387cfae8-cc10-11ed-afa1-0242ac120002','Admin ', 'Admin@gmail.com', 'password', 'admin' ),
            ('c4d695d2-cc18-11ed-afa1-0242ac120002', 'Jadane Patraasdick', 'Jdaane@gmaail.com', 'password', 'physician'),
            ('a1b2c3d4-ce74-11ed-afa1-0242ac120002', 'Emiasdly Lee', 'emily.lee@gmdail.com', 'myp@ssword123', 'patient'),
            ('a5b6c7d8-ce99-11ed-afa1-1232ac120002', 'Micasdhael Johnson', 'micsdhaeasl.johnson@yahoo.com', 'Pa$$word123', 'patient'),
            ('a9b8c7d6-fe43-11ef-9876-abcdef123456', 'Saraasdh Kim', 'sasdrah.kim@hotmail.com', 'myp@ssword321', 'patient'),
            ('b2c3d4e5-5678-def9-0a12-bcde3456ef78', 'Daasdvid Davis', 'davsdid.asdsddavis@gmail.com', 'Pa$$w0rd321', 'patient'),
            ('b6c7d8e9-0123-4567-89ab-cdef01234567', 'Lilsasdy Martin', 'lily.marsdtin@hotmail.com', 'myp@ssword456', 'patient'),
            ('b6c7d8e9-0123-4567-89ab-cdef03234567', 'Julia Lee', 'julia.lee@gmail.com', 'myp@ssword123', 'patient'),
            ('b7c7d8e9-0123-4567-89ab-cdef01234567', 'Kevin Johnson', 'kevin.johnson@yahoo.com', 'Pa$$word123', 'patient'),
            ('b6c7d8e9-0123-4567-89ab-cdef01234537', 'Olivia Kim', 'olivia.kim@hotmail.com', 'myp@ssword321', 'patient'),
            ('b6c7d8e9-0123-4567-89ab-cdef01334567', 'Alexander Davis', 'alexander.davis@gmail.com', 'Pa$$w0rd321', 'patient'),
            ('b8c7d8e9-0123-4567-89ab-cdef01234567', 'Emma Martin', 'emma.martin@hotmail.com', 'myp@ssword456', 'patient'),
            ('b6c7d8e9-0123-4567-89ab-cdef01231267', 'Daniel Kim', 'daniel.kim@yahoo.com', 's3cr3tp@ss', 'patient'),
            ('b6c7d8e9-0123-4567-89ab-cdef03334567', 'Ava Chen', 'ava.chen@gmail.com', 'Pa$$word456', 'patient'),
            ('b6c7d8e9-0123-4567-89ab-cdef66234567', 'William Brown', 'william.brown@hotmail.com', 'myp@ssword789', 'patient'),
            ('b6c7d1e9-0123-4567-89ab-cdef66234567', 'Emily Davis', 'emily.davis@gmail.com', 'myp@ssword123', 'patient'),
            ('b6c7d2e9-0123-4567-89ab-cdef66234567', 'Jacob Kim', 'jacob.kim@yahoo.com', 'Pa$$word123', 'patient'),
            ('b6c7d3e9-0123-4567-89ab-cdef66234567', 'Sophia Lee', 'sophia.lee@hotmail.com', 'myp@ssword321', 'patient'),
            ('b6c7d9e9-0123-4567-89ab-cdef66234567', 'William Chen', 'william.chen@gmail.com', 'Pa$$w0rd321', 'patient'),
            ('b6c7d4e9-0123-4567-89ab-cdef66234567', 'Isabella Johnson', 'isabella.johnson@hotmail.com', 'myp@ssword456', 'patient'),
            ('b6c7d5e9-0123-4567-89ab-cdef66234567', 'Michael Martin', 'michael.martin@yahoo.com', 's3cr3tp@ss', 'patient'),
            ('b6c7d6e9-0123-4567-89ab-cfef66234567', 'Oliver Brown', 'oliver.brown@gmail.com', 'Pa$$word456', 'patient'),
            ('b6c7d8e9-0123-4567-90ab-cdef66234567', 'Sophie Kim', 'sophie.kim@hotmail.com', 'myp@ssword789', 'patient'),
            ('b6c7d8e9-0143-6667-89ab-cdef66234567', 'Daniel Chen', 'daniel.chen@yahoo.com', 'Pa$$word789', 'patient'),
            ('b6c7d1e9-0123-4567-89ab-cdef66214567', 'Liam Davis', 'liam.davis@gmail.com', 'myp@ssword123', 'patient'),
            ('b6c7d2e9-0123-4567-89ab-cdef65674567', 'Ella Kim', 'ella.kim@yahoo.com', 'Pa$$word123', 'patient'),
            ('b6c7d3e9-0123-4567-89ab-cdef66235467', 'Aiden Lee', 'aiden.lee@hotmail.com', 'myp@ssword321', 'patient'),
            ('b6c7d9e9-0123-4567-89ab-cdef66234512', 'Avery Chen', 'avery.chen@gmail.com', 'Pa$$w0rd321', 'patient'),
            ('b6c7d4e9-0123-4567-89ab-cdef66234531', 'Mia Johnson', 'mia.johnson@hotmail.com', 'myp@ssword456', 'patient'),
            ('b6c7d5e9-0123-4567-89ab-cdef66234514', 'Logan Martin', 'logan.martin@yahoo.com', 's3cr3tp@ss', 'patient'),
            ('b6c7d6e9-0123-4567-89ab-cfef66234551', 'Harper Brown', 'harper.brown@gmail.com', 'Pa$$word456', 'patient'),
            ('b6c7d8e9-0123-4567-90ab-cdef66234599', 'Lucas Kim', 'lucas.kim@hotmail.com', 'myp@ssword789', 'patient'),
            ('b6c7d8e9-0143-6667-89ab-cdef66234578', 'Avery Chen', 'avery.chen@yahoo.com', 'Pa$$word789', 'patient'),
            ('b6c7dfe9-0123-4567-89ab-cdef66234500', 'Olivia Davis', 'olivia.davis@gmail.com', 'myp@ssword123', 'patient'),
            ('b6c7dfe9-0123-4567-89ab-aaef66234511', 'Oalivia Davis', 'odlivia.davis@gmail.com', 'mydp@ssword123', 'patient'),
            ('b6c7dfe9-0123-4567-89ab-aaef66212300', 'John Doe', 'johndoe@gmail.com', 'password123', 'admin'),
            ('b6c7dfe9-5313-4567-89ab-aaef66234500', 'Jane Doe', 'janedoe@gmail.com', 'pass123word', 'admin'),
            ('b6c7dfe9-9876-4567-89ab-aaef66234500', 'Mark Smith', 'marksmith@gmail.com', 'password456', 'admin'),
            ('b6c7dfe9-1298-4567-89ab-aaef66234500', 'Emily Johnson', 'emilyjohnson@gmail.com', 'pass456word', 'admin'),
            ('b6c7dfe9-6719-4567-89ab-aaef66234500', 'Chris Lee', 'chrislee@gmail.com', 'password789', 'admin'),
            ('b6c7dfe9-0123-1947-89ab-aaef66234500', 'Melissa Brown', 'melissabrown@gmail.com', 'pass789word', 'admin'),
            ('b6c7dfe9-0123-4864-89ab-aaef66234500', 'David Kim', 'davidkim@gmail.com', 'passwordabc', 'admin'),
            ('b6c7dfe9-0123-1010-89ab-aaef66234500', 'Rachel Lee', 'rachellee@gmail.com', 'passabcword', 'admin'),
            ('b6c7dfe9-0123-5319-89ab-aaef66234500', 'Mike Chen', 'mikechen@gmail.com', 'passwordxyz', 'admin'),
            ('b6c7dfe9-0123-9999-89ab-aaef66234500', 'Sarah Kim', 'sarahkim@gmail.com', 'passxyzword', 'admin'),
            ('0f8fad5b-d9cb-469f-a165-70867728950e', 'Adam Smith', 'adamsmith@example.com', 'password123', 'admin'),
            ('2b3e5a5a-c6b8-44df-b2a5-5d17fb5a5a5a', 'Emily Davis', 'emilydavis@example.com', 'pass123word', 'admin'),
            ('15a23d2d-f8c6-458f-a433-a2f9118d1191', 'Michael Johnson', 'michaeljohnson@example.com', 'password456', 'admin'),
            ('e0f6984b-b63c-4ce4-86f4-4cf0348a7f9e', 'Samantha Lee', 'samanthalee@example.com', 'pass456word', 'admin'),
            ('5c1ae5d5-5f0c-4a56-8d69-6c06c6b3700c', 'David Brown', 'davidbrown@example.com', 'password789', 'admin'),
            ('8d6f05ab-50dd-4840-ba6f-2ebd9a6a6a6a', 'Jessica Kim', 'jessicakim@example.com', 'pass789word', 'admin'),
            ('93b5e5ec-57db-42b4-b1d4-4ca26ec37ee4', 'Kevin Chen', 'kevinchen@example.com', 'passwordabc', 'admin'),
            ('634d6e1c-03fc-49a2-bf52-0ccfb9f9a7da', 'Sophia Lee', 'sophialee@example.com', 'passabcword', 'admin'),
            ('411a6468-eeb5-48c2-b6e2-1551578c0d69', 'Daniel Smith', 'danielsmith@example.com', 'passwordxyz', 'admin'),
            ('1dc5f57a-84b9-4c18-b70f-c2d882fe8c43', 'Katie Kim', 'katiekim@example.com', 'passxyzword', 'admin'),


('f8a8e135-cc11-11ed-8f53-0242ac112345', 'James Wilson', 'james.wilson@gmail.com', 'password123', 'physician'),
('f8a8e135-cc11-11ed-8f53-0242ac123666', 'Elizabeth Taylor', 'elizabethtaylor@hotmail.com', 'pass123word', 'physician'),
('f8a8e135-cc11-11ed-8f53-0242ac111111', 'William Carter', 'williamcarter@yahoo.com', 'password456', 'physician'),
('f8a8e135-cc11-11ed-8f53-0242ac333333', 'Isabella Rodriguez', 'isabellarodriguez@gmail.com', 'pass456word', 'physician'),
('f8a8e135-cc11-11ed-8f53-0242ac222222', 'Benjamin Lopez', 'benjaminlopez@yahoo.com', 'password789', 'physician'),
('f8a8e135-cc11-11ed-8f53-0242ac444444', 'Avery Davis', 'averydavis@hotmail.com', 'pass789word', 'physician'),
('f8a8e135-cc11-11ed-8f53-0242ac555555', 'Ethan Wilson', 'ethanwilson@gmail.com', 'passwordabc', 'physician'),
('f8a8e135-cc11-11ed-8f53-0242ac345445', 'Sofia Garcia', 'sofiagarcia@yahoo.com', 'passabcword', 'physician'),
('f8a8e135-cc11-11ed-8f53-0242ac131313', 'Michael Brown', 'michaelbrown@hotmail.com', 'passwordxyz', 'physician'),
('f8a8e135-cc11-11ed-8f53-0242ac666666', 'Olivia Anderson', 'oliviaanderson@gmail.com', 'passxyzword', 'physician');

INSERT INTO additional_physician_info (user_id, occupation_id)
    VALUES ('698e415e-ca7c-11ed-afa1-0242ac120002', '27004ebf-7c16-419e-8592-a4ae0be2cddd'),
           ('c4d695d2-cc18-11ed-afa1-0242ac120002', '8d33cd28-e35a-4f50-8162-4af412f0ae8a'),
            ('f8a8e135-cc11-11ed-8f53-0242ac112345', 'd5e7c80c-ca7c-11ed-afa1-0242ac120002'),
            ('f8a8e135-cc11-11ed-8f53-0242ac123666', 'db898962-ca7c-11ed-afa1-0242ac120002'),
            ('f8a8e135-cc11-11ed-8f53-0242ac111111', 'c07baa19-9933-4faf-8489-b81a127e4408'),
            ('f8a8e135-cc11-11ed-8f53-0242ac333333', '6128b07b-3108-486a-890b-b52f1e227e1f'),
            ('f8a8e135-cc11-11ed-8f53-0242ac222222', '4a1621e4-05a4-11ec-9a03-0242ac130003'),
            ('f8a8e135-cc11-11ed-8f53-0242ac444444', '5fca1384-05a4-11ec-9a03-0242ac130003'),
            ('f8a8e135-cc11-11ed-8f53-0242ac555555', '6df1266e-05a4-11ec-9a03-0242ac130003'),
            ('f8a8e135-cc11-11ed-8f53-0242ac345445', '7c8ecb0c-05a4-11ec-9a03-0242ac130003'),
            ('f8a8e135-cc11-11ed-8f53-0242ac131313', '899f8fd2-05a4-11ec-9a03-0242ac130003'),
            ('f8a8e135-cc11-11ed-8f53-0242ac666666', '9771dd68-05a4-11ec-9a03-0242ac130003');


INSERT INTO timeslot (physicianid, date)
    VALUES ('c4d695d2-cc18-11ed-afa1-0242ac120002', '2023-06-20 06:00'),
           ('c4d695d2-cc18-11ed-afa1-0242ac120002', '2023-06-20 06:30'),
           ('c4d695d2-cc18-11ed-afa1-0242ac120002', '2023-06-20 07:30'),
           ('c4d695d2-cc18-11ed-afa1-0242ac120002', '2023-06-20 08:00'),
           ('c4d695d2-cc18-11ed-afa1-0242ac120002', '2023-06-25 08:00'),
           ('c4d695d2-cc18-11ed-afa1-0242ac120002', '2023-06-25 08:30'),
           ('c4d695d2-cc18-11ed-afa1-0242ac120002', '2023-06-25 09:00'),
           ('c4d695d2-cc18-11ed-afa1-0242ac120002', '2023-06-25 09:30');

INSERT INTO timeslot (physicianid, date)
    VALUES ('698e415e-ca7c-11ed-afa1-0242ac120002', '2023-06-20 08:00'),
           ('698e415e-ca7c-11ed-afa1-0242ac120002', '2023-06-20 08:30'),
           ('698e415e-ca7c-11ed-afa1-0242ac120002', '2023-06-20 09:00'),
           ('698e415e-ca7c-11ed-afa1-0242ac120002', '2023-06-21 09:30'),
           ('698e415e-ca7c-11ed-afa1-0242ac120002', '2023-06-21 10:00'),
           ('698e415e-ca7c-11ed-afa1-0242ac120002', '2023-06-22 09:30'),
           ('698e415e-ca7c-11ed-afa1-0242ac120002', '2023-06-22 10:00');

--booked timeslots
INSERT INTO timeslot (physicianid, date, patientid)
    VALUES ('698e415e-ca7c-11ed-afa1-0242ac120002', '2023-06-20 10:00', '52e2fc8e-d5b1-43e0-bde6-5dca5f96ced3'),
           ('c4d695d2-cc18-11ed-afa1-0242ac120002', '2023-06-25 10:00', '52e2fc8e-d5b1-43e0-bde6-5dca5f96ced3'),
           ('60867f57-9fb1-45e4-9a34-0715ec32f476', '2023-05-01 11:30', '52e2fc8e-d5b1-43e0-bde6-5dca5f96ced3'),
            ('f8a8e135-cc11-11ed-8f53-0242ac345445', '2023-06-23 09:30', '52e2fc8e-d5b1-43e0-bde6-5dca5f96ced3');
--patients
INSERT INTO users (id, name, email, password, type)
    VALUES  ('52e2fc8e-d5b1-43e0-bde6-5dca5f96ced3', 'Graham Chapman', 'gra@ml', 'grah', 'patient'),
            ('a2246d5b-c433-48c8-a82b-d338976417a0', 'John Cleese', 'john@ml', 'john', 'patient' ),
            ('eb5cd7ba-f1be-4595-9da8-995e1fe08ed5', 'Terry Gilliam', 'terr@ml', 'terr', 'patient' ),
            ('8568a15d-b29e-41ae-845c-50cc94421f53', 'Eric Idle', 'eric@ml', 'eric', 'patient' ),
            ('7014e98a-b93d-4ec7-801d-c73e0cf9d5c0', 'Jones Terry', 'jone@ml', 'jone', 'patient' ),
            ('041eb52a-f0b7-4114-97eb-2bea7876b03d', 'Michael Palin', 'mich@ml', 'mich', 'patient');

----physicians
INSERT INTO users (id, name, email, password, type)
    VALUES ('cae5c6a8-ea81-497b-a7cb-6a02aa54f623', 'Triss Merigold', 'tris@gmail.com', 'tris', 'physician'),
           ('9a6acba7-310e-4cf9-ba70-6289775938a9', 'Lara Dorren', 'lara@gmail.com', 'lara', 'physician'),
           ('c8d96722-c86f-4554-8081-f4b4ac1e70b6', 'Sabrina Glevissig', 'sab@gmail.com', 'sabr', 'physician'),
           ('5ab747c7-3094-4d04-a93e-a104e27d6f60', 'Vil Gefortz', 'vil@gmail.com', 'vilg', 'physician'),
           ('37a55d08-8747-4c25-bb24-b1e857009acf', 'Lytta Neyd', 'lytt@gmail.com', 'lytt', 'physician'),
           ('60867f57-9fb1-45e4-9a34-0715ec32f476', 'Sorel Degerlund', 'sore@gmail.com', 'sore', 'physician');

INSERT INTO additional_physician_info (user_id, occupation_id)
    VALUES ('698e415e-ca7c-11ed-afa1-0242ac120002', '27004ebf-7c16-419e-8592-a4ae0be2cddd'),
           ('c4d695d2-cc18-11ed-afa1-0242ac120002', '8d33cd28-e35a-4f50-8162-4af412f0ae8a'),
           ('cae5c6a8-ea81-497b-a7cb-6a02aa54f623', '27004ebf-7c16-419e-8592-a4ae0be2cddd'),
           ('9a6acba7-310e-4cf9-ba70-6289775938a9', '27004ebf-7c16-419e-8592-a4ae0be2cddd'),
           ('c8d96722-c86f-4554-8081-f4b4ac1e70b6', '27004ebf-7c16-419e-8592-a4ae0be2cddd'),
           ('5ab747c7-3094-4d04-a93e-a104e27d6f60', '27004ebf-7c16-419e-8592-a4ae0be2cddd'),
           ('37a55d08-8747-4c25-bb24-b1e857009acf', '27004ebf-7c16-419e-8592-a4ae0be2cddd'),
           ('60867f57-9fb1-45e4-9a34-0715ec32f476', '27004ebf-7c16-419e-8592-a4ae0be2cddd');
