
--physicians
INSERT INTO users (id, name, email, password, type)
VALUES
            ('f8a8e135-cc11-11ed-8f53-0242ac112345', 'James Wilson', 'james.wilsasdon@gmail.com', '$2y$10$wEzx1MK4T9EP/AsBZwGAOuELBhsLHH.zlNY7tsocCxTBi/qkprm7e', 'physician'),
            ('f8a8e135-cc11-11ed-8f53-0242ac123666', 'Elizabeth Taylor', 'elizabethtaylor@hotmail.com', '$2y$10$wEzx1MK4T9EP/AsBZwGAOuELBhsLHH.zlNY7tsocCxTBi/qkprm7e', 'physician'),
            ('f8a8e135-cc11-11ed-8f53-0242ac111111', 'William Carter', 'williamcarter@yahoo.com', '$2y$10$wEzx1MK4T9EP/AsBZwGAOuELBhsLHH.zlNY7tsocCxTBi/qkprm7e', 'physician'),
            ('f8a8e135-cc11-11ed-8f53-0242ac333333', 'Isabella Rodriguez', 'isabellarodriguez@gmail.com', '$2y$10$wEzx1MK4T9EP/AsBZwGAOuELBhsLHH.zlNY7tsocCxTBi/qkprm7e', 'physician'),
            ('f8a8e135-cc11-11ed-8f53-0242ac222222', 'Benjamin Lopez', 'benjaminlopez@yahoo.com', '$2y$10$wEzx1MK4T9EP/AsBZwGAOuELBhsLHH.zlNY7tsocCxTBi/qkprm7e', 'physician'),
            ('f8a8e135-cc11-11ed-8f53-0242ac444444', 'Grisha Jaeger', 'grishajaeger@hotmail.com', '$2y$10$wEzx1MK4T9EP/AsBZwGAOuELBhsLHH.zlNY7tsocCxTBi/qkprm7e', 'physician'),
            ('f8a8e135-cc11-11ed-8f53-0242ac555555', 'Ethan Wilson', 'ethanwilson@gmail.com', '$2y$10$wEzx1MK4T9EP/AsBZwGAOuELBhsLHH.zlNY7tsocCxTBi/qkprm7e', 'physician'),
            ('f8a8e135-cc11-11ed-8f53-0242ac345445', 'Sofia Garcia', 'sofiagarcia@yahoo.com', '$2y$10$wEzx1MK4T9EP/AsBZwGAOuELBhsLHH.zlNY7tsocCxTBi/qkprm7e', 'physician'),
            ('f8a8e135-cc11-11ed-8f53-0242ac131313', 'Michael Brown', 'michaelbrown@hotmail.com', '$2y$10$wEzx1MK4T9EP/AsBZwGAOuELBhsLHH.zlNY7tsocCxTBi/qkprm7e', 'physician'),
            ('f8a8e135-cc11-11ed-8f53-0242ac666666', 'Olivia Anderson', 'oliviaanderson@gmail.com', '$2y$10$wEzx1MK4T9EP/AsBZwGAOuELBhsLHH.zlNY7tsocCxTBi/qkprm7e', 'physician'),
            ('cae5c6a8-ea81-497b-a7cb-6a02aa54f623', 'Triss Merigold', 'tris@gmail.com', '$2y$10$wEzx1MK4T9EP/AsBZwGAOuELBhsLHH.zlNY7tsocCxTBi/qkprm7e', 'physician'),
            ('9a6acba7-310e-4cf9-ba70-6289775938a9', 'Lara Dorren', 'lara@gmail.com', '$2y$10$wEzx1MK4T9EP/AsBZwGAOuELBhsLHH.zlNY7tsocCxTBi/qkprm7e', 'physician'),
            ('c8d96722-c86f-4554-8081-f4b4ac1e70b6', 'Sabrina Glevissig', 'sab@gmail.com', '$2y$10$wEzx1MK4T9EP/AsBZwGAOuELBhsLHH.zlNY7tsocCxTBi/qkprm7e', 'physician'),
            ('5ab747c7-3094-4d04-a93e-a104e27d6f60', 'Vil Gefortz', 'vil@gmail.com', '$2y$10$wEzx1MK4T9EP/AsBZwGAOuELBhsLHH.zlNY7tsocCxTBi/qkprm7e', 'physician'),
            ('37a55d08-8747-4c25-bb24-b1e857009acf', 'Lytta Neyd', 'lytt@gmail.com', '$2y$10$wEzx1MK4T9EP/AsBZwGAOuELBhsLHH.zlNY7tsocCxTBi/qkprm7e', 'physician'),
            ('60867f57-9fb1-45e4-9a34-0715ec32f476', 'Sorel Degerlund', 'sore@gmail.com', '$2y$10$wEzx1MK4T9EP/AsBZwGAOuELBhsLHH.zlNY7tsocCxTBi/qkprm7e', 'physician'),
            ('c4d695d2-cc18-11ed-afa1-0242ac120002', 'Aane Patrick', 'Jdaane@gmail.com', '$2y$10$wEzx1MK4T9EP/AsBZwGAOuELBhsLHH.zlNY7tsocCxTBi/qkprm7e', 'physician'),
            ('698e415e-ca7c-11ed-afa1-0242ac120002', 'Aen Vengerberg', 'aen@gmail.com', '$2y$10$wEzx1MK4T9EP/AsBZwGAOuELBhsLHH.zlNY7tsocCxTBi/qkprm7e', 'physician');

INSERT INTO occupations (id, name)
VALUES
            ('bd1d85c8-ca7c-11ed-afa1-0242ac120002', 'Gynecologist'),
            ('d5e7c80c-ca7c-11ed-afa1-0242ac120002', 'Family physicians'),
            ('db898962-ca7c-11ed-afa1-0242ac120002', 'Neurologists'),
            ('c07baa19-9933-4faf-8489-b81a127e4408', 'Radiologists'),
            ('6128b07b-3108-486a-890b-b52f1e227e1f', 'Cryptologist'),
            ('4a1621e4-05a4-11ec-9a03-0242ac130003', 'Pulmonologist'),
            ('5fca1384-05a4-11ec-9a03-0242ac130003', 'Oncologist'),
            ('7c12de6b-39da-45ab-b03b-4c1a9b89de46', 'Acupuncturist'),
            ('6df1266e-05a4-11ec-9a03-0242ac130003', 'Psychologist'),
            ('7c8ecb0c-05a4-11ec-9a03-0242ac130003', 'Geriatrician'),
            ('3e7e0766-65e8-4196-8346-d1271f59b2e3', 'Herbalist'),
            ('899f8fd2-05a4-11ec-9a03-0242ac130003', 'Emergency Medicine Physician'),
            ('9771dd68-05a4-11ec-9a03-0242ac130003', 'Nurse Practitioner'),
            ('a43c53f4-05a4-11ec-9a03-0242ac130003', 'General Surgeon'),
            ('1bc6279d-1a95-42b8-93f3-929d1c3689b2', 'Naturopath'),
            ('b21c6d7c-05a4-11ec-9a03-0242ac130003', 'Ophthalmologist'),
            ('27004ebf-7c16-419e-8592-a4ae0be2cddd', 'Homeopath'),
            ('8d33cd28-e35a-4f50-8162-4af412f0ae8a', 'Mentalist'),
            ('bfc1ef0c-05a4-11ec-9a03-0242ac130003', 'Pediatric Cardiologist');

--patients, admins
INSERT INTO users (id, name, email, password, type)
VALUES
            ('81fe6628-7f9f-4f2e-be41-a190aa369831', 'Hilda Herbert', 'clinicgunit2023@gmail.com','$2y$10$wEzx1MK4T9EP/AsBZwGAOuELBhsLHH.zlNY7tsocCxTBi/qkprm7e', 'patient'),
            ('52e2fc8e-d5b1-43e0-bde6-5dca5f96ced3', 'Graham Chapman', 'gra@gmail.com', '$2y$10$wEzx1MK4T9EP/AsBZwGAOuELBhsLHH.zlNY7tsocCxTBi/qkprm7e', 'patient'),
            ('a2246d5b-c433-48c8-a82b-d338976417a0', 'John Cleese', 'john@gmail.com', '$2y$10$wEzx1MK4T9EP/AsBZwGAOuELBhsLHH.zlNY7tsocCxTBi/qkprm7e', 'patient' ),
            ('eb5cd7ba-f1be-4595-9da8-995e1fe08ed5', 'Terry Gilliam', 'terr@gmail.com', '$2y$10$wEzx1MK4T9EP/AsBZwGAOuELBhsLHH.zlNY7tsocCxTBi/qkprm7e', 'patient' ),
            ('8568a15d-b29e-41ae-845c-50cc94421f53', 'Eric Idle', 'eric@gmail.com', '$2y$10$wEzx1MK4T9EP/AsBZwGAOuELBhsLHH.zlNY7tsocCxTBi/qkprm7e', 'patient' ),
            ('7014e98a-b93d-4ec7-801d-c73e0cf9d5c0', 'Jones Terry', 'jone@gmail.com', '$2y$10$wEzx1MK4T9EP/AsBZwGAOuELBhsLHH.zlNY7tsocCxTBi/qkprm7e', 'patient' ),
            ('041eb52a-f0b7-4114-97eb-2bea7876b03d', 'Michael Palin', 'mich@gmail.com', '$2y$10$wEzx1MK4T9EP/AsBZwGAOuELBhsLHH.zlNY7tsocCxTBi/qkprm7e', 'patient'),
            ('e89e027e-cb1f-11ed-afa1-0342ac123002', 'Giedrius Jocius', 'GiedriusJocius@devBridge.com','$2y$10$wEzx1MK4T9EP/AsBZwGAOuELBhsLHH.zlNY7tsocCxTBi/qkprm7e', 'patient'),
            ('f5e843ba-ce74-11ed-afa1-0242ac120002', 'Landon Wendel', 'Landonwendel@yahoo.com', '$2y$10$wEzx1MK4T9EP/AsBZwGAOuELBhsLHH.zlNY7tsocCxTBi/qkprm7e', 'patient'),
            ('f5a643ba-ce99-11ed-afa1-1232ac120002', 'Maela Kamala', 'Maelakamala@yahoo.com', '$2y$10$wEzx1MK4T9EP/AsBZwGAOuELBhsLHH.zlNY7tsocCxTBi/qkprm7e', 'patient'),
            ('a1b2c3d4-ce74-11ed-afa1-0242ac120002', 'Emiasdly Lee', 'emily.lee@gmdail.com', '$2y$10$wEzx1MK4T9EP/AsBZwGAOuELBhsLHH.zlNY7tsocCxTBi/qkprm7e', 'patient'),
            ('a5b6c7d8-ce99-11ed-afa1-1232ac120002', 'Micasdhael Johnson', 'micsdhaeasl.johnson@yahoo.com', '$2y$10$wEzx1MK4T9EP/AsBZwGAOuELBhsLHH.zlNY7tsocCxTBi/qkprm7e', 'patient'),
            ('a9b8c7d6-fe43-11ef-9876-abcdef123456', 'Saraasdh Kim', 'sasdrah.kim@hotmail.com', '$2y$10$wEzx1MK4T9EP/AsBZwGAOuELBhsLHH.zlNY7tsocCxTBi/qkprm7e', 'patient'),
            ('b2c3d4e5-5678-def9-0a12-bcde3456ef78', 'Daasdvid Davis', 'davsdid.asdsddavis@gmail.com', '$2y$10$wEzx1MK4T9EP/AsBZwGAOuELBhsLHH.zlNY7tsocCxTBi/qkprm7e', 'patient'),
            ('b6c7d8e9-0123-4567-89ab-cdef01234567', 'Lilsasdy Martin', 'lily.marsdtin@hotmail.com', '$2y$10$wEzx1MK4T9EP/AsBZwGAOuELBhsLHH.zlNY7tsocCxTBi/qkprm7e', 'patient'),
            ('b6c7d8e9-0123-4567-89ab-cdef03234567', 'Julia Lee', 'julia.lee@gmail.com', '$2y$10$wEzx1MK4T9EP/AsBZwGAOuELBhsLHH.zlNY7tsocCxTBi/qkprm7e', 'patient'),
            ('b7c7d8e9-0123-4567-89ab-cdef01234567', 'Kevin Johnson', 'kevin.johnson@yahoo.com', '$2y$10$wEzx1MK4T9EP/AsBZwGAOuELBhsLHH.zlNY7tsocCxTBi/qkprm7e', 'patient'),
            ('b6c7d8e9-0123-4567-89ab-cdef01234537', 'Olivia Kim', 'olivia.kim@hotmail.com', '$2y$10$wEzx1MK4T9EP/AsBZwGAOuELBhsLHH.zlNY7tsocCxTBi/qkprm7e', 'patient'),
            ('b6c7d8e9-0123-4567-89ab-cdef01334567', 'Alexander Davis', 'alexander.davis@gmail.com', '$2y$10$wEzx1MK4T9EP/AsBZwGAOuELBhsLHH.zlNY7tsocCxTBi/qkprm7e', 'patient'),
            ('b8c7d8e9-0123-4567-89ab-cdef01234567', 'Emma Martin', 'emma.martin@hotmail.com', '$2y$10$wEzx1MK4T9EP/AsBZwGAOuELBhsLHH.zlNY7tsocCxTBi/qkprm7e', 'patient'),
            ('b6c7d8e9-0123-4567-89ab-cdef01231267', 'Daniel Kim', 'daniel.kim@yahoo.com', '$2y$10$wEzx1MK4T9EP/AsBZwGAOuELBhsLHH.zlNY7tsocCxTBi/qkprm7e', 'patient'),
            ('b6c7d8e9-0123-4567-89ab-cdef03334567', 'Ava Chen', 'ava.chen@gmail.com', '$2y$10$wEzx1MK4T9EP/AsBZwGAOuELBhsLHH.zlNY7tsocCxTBi/qkprm7e', 'patient'),
            ('b6c7d8e9-0123-4567-89ab-cdef66234567', 'William Brown', 'william.brown@hotmail.com', '$2y$10$wEzx1MK4T9EP/AsBZwGAOuELBhsLHH.zlNY7tsocCxTBi/qkprm7e', 'patient'),
            ('b6c7d1e9-0123-4567-89ab-cdef66234567', 'Emily Davis', 'emily.davis@gmail.com', '$2y$10$wEzx1MK4T9EP/AsBZwGAOuELBhsLHH.zlNY7tsocCxTBi/qkprm7e', 'patient'),
            ('b6c7d2e9-0123-4567-89ab-cdef66234567', 'Jacob Kim', 'jacob.kim@yahoo.com', '$2y$10$wEzx1MK4T9EP/AsBZwGAOuELBhsLHH.zlNY7tsocCxTBi/qkprm7e', 'patient'),
            ('b6c7d3e9-0123-4567-89ab-cdef66234567', 'Sophia Lee', 'sophia.lee@hotmail.com', '$2y$10$wEzx1MK4T9EP/AsBZwGAOuELBhsLHH.zlNY7tsocCxTBi/qkprm7e', 'patient'),
            ('b6c7d9e9-0123-4567-89ab-cdef66234567', 'William Chen', 'william.chen@gmail.com', '$2y$10$wEzx1MK4T9EP/AsBZwGAOuELBhsLHH.zlNY7tsocCxTBi/qkprm7e', 'patient'),
            ('b6c7d4e9-0123-4567-89ab-cdef66234567', 'Isabella Johnson', 'isabella.johnson@hotmail.com', '$2y$10$wEzx1MK4T9EP/AsBZwGAOuELBhsLHH.zlNY7tsocCxTBi/qkprm7e', 'patient'),
            ('b6c7d5e9-0123-4567-89ab-cdef66234567', 'Michael Martin', 'michael.martin@yahoo.com', '$2y$10$wEzx1MK4T9EP/AsBZwGAOuELBhsLHH.zlNY7tsocCxTBi/qkprm7e', 'patient'),
            ('b6c7d6e9-0123-4567-89ab-cfef66234567', 'Oliver Brown', 'oliver.brown@gmail.com', '$2y$10$wEzx1MK4T9EP/AsBZwGAOuELBhsLHH.zlNY7tsocCxTBi/qkprm7e', 'patient'),
            ('b6c7d8e9-0123-4567-90ab-cdef66234567', 'Sophie Kim', 'sophie.kim@hotmail.com', '$2y$10$wEzx1MK4T9EP/AsBZwGAOuELBhsLHH.zlNY7tsocCxTBi/qkprm7e', 'patient'),
            ('b6c7d8e9-0143-6667-89ab-cdef66234567', 'Daniel Chen', 'daniel.chen@yahoo.com', '$2y$10$wEzx1MK4T9EP/AsBZwGAOuELBhsLHH.zlNY7tsocCxTBi/qkprm7e', 'patient'),
            ('b6c7d1e9-0123-4567-89ab-cdef66214567', 'Liam Davis', 'liam.davis@gmail.com', '$2y$10$wEzx1MK4T9EP/AsBZwGAOuELBhsLHH.zlNY7tsocCxTBi/qkprm7e', 'patient'),
            ('b6c7d2e9-0123-4567-89ab-cdef65674567', 'Ella Kim', 'ella.kim@yahoo.com', '$2y$10$wEzx1MK4T9EP/AsBZwGAOuELBhsLHH.zlNY7tsocCxTBi/qkprm7e', 'patient'),
            ('b6c7d3e9-0123-4567-89ab-cdef66235467', 'Aiden Lee', 'aiden.lee@hotmail.com', '$2y$10$wEzx1MK4T9EP/AsBZwGAOuELBhsLHH.zlNY7tsocCxTBi/qkprm7e', 'patient'),
            ('b6c7d9e9-0123-4567-89ab-cdef66234512', 'Avery Chen', 'avery.chen@gmail.com', '$2y$10$wEzx1MK4T9EP/AsBZwGAOuELBhsLHH.zlNY7tsocCxTBi/qkprm7e', 'patient'),
            ('b6c7d4e9-0123-4567-89ab-cdef66234531', 'Mia Johnson', 'mia.johnson@hotmail.com', '$2y$10$wEzx1MK4T9EP/AsBZwGAOuELBhsLHH.zlNY7tsocCxTBi/qkprm7e', 'patient'),
            ('b6c7d5e9-0123-4567-89ab-cdef66234514', 'Logan Martin', 'logan.martin@yahoo.com', '$2y$10$wEzx1MK4T9EP/AsBZwGAOuELBhsLHH.zlNY7tsocCxTBi/qkprm7e', 'patient'),
            ('b6c7d6e9-0123-4567-89ab-cfef66234551', 'Harper Brown', 'harper.brown@gmail.com', '$2y$10$wEzx1MK4T9EP/AsBZwGAOuELBhsLHH.zlNY7tsocCxTBi/qkprm7e', 'patient'),
            ('b6c7d8e9-0123-4567-90ab-cdef66234599', 'Lucas Kim', 'lucas.kim@hotmail.com', '$2y$10$wEzx1MK4T9EP/AsBZwGAOuELBhsLHH.zlNY7tsocCxTBi/qkprm7e', 'patient'),
            ('b6c7d8e9-0143-6667-89ab-cdef66234578', 'Ted Kaczynski', 'kaczynski@yahoo.com', '$2y$10$wEzx1MK4T9EP/AsBZwGAOuELBhsLHH.zlNY7tsocCxTBi/qkprm7e', 'patient'),
            ('b6c7dfe9-0123-4567-89ab-cdef66234500', 'Olivia Davis', 'olivia.davis@gmail.com', '$2y$10$wEzx1MK4T9EP/AsBZwGAOuELBhsLHH.zlNY7tsocCxTBi/qkprm7e', 'patient'),
            ('b6c7dfe9-0123-4567-89ab-aaef66234511', 'Oalivia Davis', 'odlivia.davis@gmail.com', '$2y$10$wEzx1MK4T9EP/AsBZwGAOuELBhsLHH.zlNY7tsocCxTBi/qkprm7e', 'patient'),
            ('387cfae8-cc10-11ed-afa1-0242ac120002', 'Admin Admin', 'Admin@gmail.com', '$2y$10$wEzx1MK4T9EP/AsBZwGAOuELBhsLHH.zlNY7tsocCxTBi/qkprm7e', 'admin' ),
            ('b6c7dfe9-0123-4567-89ab-aaef66212300', 'John Doe', 'johndoe@gmail.com', '$2y$10$wEzx1MK4T9EP/AsBZwGAOuELBhsLHH.zlNY7tsocCxTBi/qkprm7e', 'admin'),
            ('b6c7dfe9-5313-4567-89ab-aaef66234500', 'Jane Doe', 'janedoe@gmail.com', '$2y$10$wEzx1MK4T9EP/AsBZwGAOuELBhsLHH.zlNY7tsocCxTBi/qkprm7e', 'admin'),
            ('b6c7dfe9-9876-4567-89ab-aaef66234500', 'Mark Smith', 'marksmith@gmail.com', '$2y$10$wEzx1MK4T9EP/AsBZwGAOuELBhsLHH.zlNY7tsocCxTBi/qkprm7e', 'admin'),
            ('b6c7dfe9-1298-4567-89ab-aaef66234500', 'Emily Johnson', 'emilyjohnson@gmail.com', '$2y$10$wEzx1MK4T9EP/AsBZwGAOuELBhsLHH.zlNY7tsocCxTBi/qkprm7e', 'admin'),
            ('b6c7dfe9-6719-4567-89ab-aaef66234500', 'Chris Lee', 'chrislee@gmail.com', '$2y$10$wEzx1MK4T9EP/AsBZwGAOuELBhsLHH.zlNY7tsocCxTBi/qkprm7e', 'admin'),
            ('b6c7dfe9-0123-1947-89ab-aaef66234500', 'Melissa Brown', 'melissabrown@gmail.com', '$2y$10$wEzx1MK4T9EP/AsBZwGAOuELBhsLHH.zlNY7tsocCxTBi/qkprm7e', 'admin'),
            ('b6c7dfe9-0123-4864-89ab-aaef66234500', 'David Kim', 'davidkim@gmail.com', '$2y$10$wEzx1MK4T9EP/AsBZwGAOuELBhsLHH.zlNY7tsocCxTBi/qkprm7e', 'admin'),
            ('b6c7dfe9-0123-1010-89ab-aaef66234500', 'Rachel Lee', 'rachellee@gmail.com', '$2y$10$wEzx1MK4T9EP/AsBZwGAOuELBhsLHH.zlNY7tsocCxTBi/qkprm7e', 'admin'),
            ('b6c7dfe9-0123-5319-89ab-aaef66234500', 'Mike Chen', 'mikechen@gmail.com', '$2y$10$wEzx1MK4T9EP/AsBZwGAOuELBhsLHH.zlNY7tsocCxTBi/qkprm7e', 'admin'),
            ('b6c7dfe9-0123-9999-89ab-aaef66234500', 'Sarah Kim', 'sarahkim@gmail.com', '$2y$10$wEzx1MK4T9EP/AsBZwGAOuELBhsLHH.zlNY7tsocCxTBi/qkprm7e', 'admin'),
            ('0f8fad5b-d9cb-469f-a165-70867728950e', 'Adam Smith', 'adamsmith@example.com', '$2y$10$wEzx1MK4T9EP/AsBZwGAOuELBhsLHH.zlNY7tsocCxTBi/qkprm7e', 'admin'),
            ('2b3e5a5a-c6b8-44df-b2a5-5d17fb5a5a5a', 'Emily Davis', 'emilydavis@example.com', '$2y$10$wEzx1MK4T9EP/AsBZwGAOuELBhsLHH.zlNY7tsocCxTBi/qkprm7e', 'admin'),
            ('15a23d2d-f8c6-458f-a433-a2f9118d1191', 'Michael Johnson', 'michaeljohnson@example.com', '$2y$10$wEzx1MK4T9EP/AsBZwGAOuELBhsLHH.zlNY7tsocCxTBi/qkprm7e', 'admin'),
            ('e0f6984b-b63c-4ce4-86f4-4cf0348a7f9e', 'Samantha Lee', 'samanthalee@example.com', '$2y$10$wEzx1MK4T9EP/AsBZwGAOuELBhsLHH.zlNY7tsocCxTBi/qkprm7e', 'admin'),
            ('5c1ae5d5-5f0c-4a56-8d69-6c06c6b3700c', 'David Brown', 'davidbrown@example.com', '$2y$10$wEzx1MK4T9EP/AsBZwGAOuELBhsLHH.zlNY7tsocCxTBi/qkprm7e', 'admin'),
            ('8d6f05ab-50dd-4840-ba6f-2ebd9a6a6a6a', 'Jessica Kim', 'jessicakim@example.com', '$2y$10$wEzx1MK4T9EP/AsBZwGAOuELBhsLHH.zlNY7tsocCxTBi/qkprm7e', 'admin'),
            ('93b5e5ec-57db-42b4-b1d4-4ca26ec37ee4', 'Kevin Chen', 'kevinchen@example.com', '$2y$10$wEzx1MK4T9EP/AsBZwGAOuELBhsLHH.zlNY7tsocCxTBi/qkprm7e', 'admin'),
            ('634d6e1c-03fc-49a2-bf52-0ccfb9f9a7da', 'Sophia Lee', 'sophialee@example.com', '$2y$10$wEzx1MK4T9EP/AsBZwGAOuELBhsLHH.zlNY7tsocCxTBi/qkprm7e', 'admin'),
            ('411a6468-eeb5-48c2-b6e2-1551578c0d69', 'Daniel Smith', 'danielsmith@example.com', '$2y$10$wEzx1MK4T9EP/AsBZwGAOuELBhsLHH.zlNY7tsocCxTBi/qkprm7e', 'admin'),
            ('1dc5f57a-84b9-4c18-b70f-c2d882fe8c43', 'Katie Kim', 'katiekim@example.com', '$2y$10$wEzx1MK4T9EP/AsBZwGAOuELBhsLHH.zlNY7tsocCxTBi/qkprm7e', 'admin');

--info
INSERT INTO additional_physician_info (user_id, occupation_id)
    VALUES ('698e415e-ca7c-11ed-afa1-0242ac120002', '27004ebf-7c16-419e-8592-a4ae0be2cddd'),
           ('c4d695d2-cc18-11ed-afa1-0242ac120002', '8d33cd28-e35a-4f50-8162-4af412f0ae8a'),
            ('f8a8e135-cc11-11ed-8f53-0242ac112345', 'd5e7c80c-ca7c-11ed-afa1-0242ac120002'),
            ('f8a8e135-cc11-11ed-8f53-0242ac123666', 'db898962-ca7c-11ed-afa1-0242ac120002'),
            ('f8a8e135-cc11-11ed-8f53-0242ac111111', 'c07baa19-9933-4faf-8489-b81a127e4408'),
            ('f8a8e135-cc11-11ed-8f53-0242ac333333', '6128b07b-3108-486a-890b-b52f1e227e1f'),
            ('f8a8e135-cc11-11ed-8f53-0242ac222222', '4a1621e4-05a4-11ec-9a03-0242ac130003'),
            ('f8a8e135-cc11-11ed-8f53-0242ac444444', '5fca1384-05a4-11ec-9a03-0242ac130003'),
            ('f8a8e135-cc11-11ed-8f53-0242ac555555', '6df1266e-05a4-11ec-9a03-0242ac130003'),
            ('f8a8e135-cc11-11ed-8f53-0242ac345445', '7c8ecb0c-05a4-11ec-9a03-0242ac130003'),
            ('f8a8e135-cc11-11ed-8f53-0242ac131313', '899f8fd2-05a4-11ec-9a03-0242ac130003'),
            ('f8a8e135-cc11-11ed-8f53-0242ac666666', '9771dd68-05a4-11ec-9a03-0242ac130003'),
            ('cae5c6a8-ea81-497b-a7cb-6a02aa54f623', '27004ebf-7c16-419e-8592-a4ae0be2cddd'),
            ('9a6acba7-310e-4cf9-ba70-6289775938a9', 'd5e7c80c-ca7c-11ed-afa1-0242ac120002'),
            ('37a55d08-8747-4c25-bb24-b1e857009acf', '9771dd68-05a4-11ec-9a03-0242ac130003'),
            ('c8d96722-c86f-4554-8081-f4b4ac1e70b6', 'bd1d85c8-ca7c-11ed-afa1-0242ac120002'),
            ('5ab747c7-3094-4d04-a93e-a104e27d6f60', '5fca1384-05a4-11ec-9a03-0242ac130003'),
            ('60867f57-9fb1-45e4-9a34-0715ec32f476', '27004ebf-7c16-419e-8592-a4ae0be2cddd');

--Aane Patrick timeslots
INSERT INTO timeslot (physicianid, date)
    VALUES

            ('c4d695d2-cc18-11ed-afa1-0242ac120002', '2023-04-01 06:00'),
            ('c4d695d2-cc18-11ed-afa1-0242ac120002', '2023-04-01 06:30'),
            ('c4d695d2-cc18-11ed-afa1-0242ac120002', '2023-04-20 06:00'),
            ('c4d695d2-cc18-11ed-afa1-0242ac120002', '2023-04-20 06:30'),
            ('c4d695d2-cc18-11ed-afa1-0242ac120002', '2023-04-20 07:30'),
            ('c4d695d2-cc18-11ed-afa1-0242ac120002', '2023-04-20 08:00'),
            ('c4d695d2-cc18-11ed-afa1-0242ac120002', '2023-04-25 08:00'),
            ('c4d695d2-cc18-11ed-afa1-0242ac120002', '2023-04-25 08:30'),
            ('c4d695d2-cc18-11ed-afa1-0242ac120002', '2023-04-25 09:00'),
            ('c4d695d2-cc18-11ed-afa1-0242ac120002', '2023-04-25 09:30'),
            ('c4d695d2-cc18-11ed-afa1-0242ac120002', '2023-04-26 09:30'),
            ('c4d695d2-cc18-11ed-afa1-0242ac120002', '2023-04-26 10:30'),
            ('c4d695d2-cc18-11ed-afa1-0242ac120002', '2023-04-29 08:00'),
            ('c4d695d2-cc18-11ed-afa1-0242ac120002', '2023-04-29 08:30'),
            ('c4d695d2-cc18-11ed-afa1-0242ac120002', '2023-04-30 08:00'),
            ('c4d695d2-cc18-11ed-afa1-0242ac120002', '2023-04-30 08:30'),
            ('c4d695d2-cc18-11ed-afa1-0242ac120002', '2023-04-30 09:00'),
            ('c4d695d2-cc18-11ed-afa1-0242ac120002', '2023-04-30 09:30'),
            ('c4d695d2-cc18-11ed-afa1-0242ac120002', '2023-04-30 23:59'),

            ('c4d695d2-cc18-11ed-afa1-0242ac120002', '2023-05-15 08:00'),
            ('c4d695d2-cc18-11ed-afa1-0242ac120002', '2023-05-15 09:00'),
            ('c4d695d2-cc18-11ed-afa1-0242ac120002', '2023-05-15 10:00'),
            ('c4d695d2-cc18-11ed-afa1-0242ac120002', '2023-05-15 11:00'),
            ('c4d695d2-cc18-11ed-afa1-0242ac120002', '2023-05-15 12:00'),
            ('c4d695d2-cc18-11ed-afa1-0242ac120002', '2023-05-15 13:00'),
            ('c4d695d2-cc18-11ed-afa1-0242ac120002', '2023-05-15 14:00'),
            ('c4d695d2-cc18-11ed-afa1-0242ac120002', '2023-05-15 15:00'),
            ('c4d695d2-cc18-11ed-afa1-0242ac120002', '2023-05-15 16:00'),
            ('c4d695d2-cc18-11ed-afa1-0242ac120002', '2023-05-15 17:00'),
            ('c4d695d2-cc18-11ed-afa1-0242ac120002', '2023-05-18 08:00'),
            ('c4d695d2-cc18-11ed-afa1-0242ac120002', '2023-05-18 09:00'),
            ('c4d695d2-cc18-11ed-afa1-0242ac120002', '2023-05-18 10:00'),
            ('c4d695d2-cc18-11ed-afa1-0242ac120002', '2023-05-18 11:00'),
            ('c4d695d2-cc18-11ed-afa1-0242ac120002', '2023-05-18 12:00'),
            ('c4d695d2-cc18-11ed-afa1-0242ac120002', '2023-05-18 13:00'),
            ('c4d695d2-cc18-11ed-afa1-0242ac120002', '2023-05-18 14:00'),
            ('c4d695d2-cc18-11ed-afa1-0242ac120002', '2023-05-18 15:00'),
            ('c4d695d2-cc18-11ed-afa1-0242ac120002', '2023-05-18 16:00'),
            ('c4d695d2-cc18-11ed-afa1-0242ac120002', '2023-05-18 17:00'),
            ('c4d695d2-cc18-11ed-afa1-0242ac120002', '2023-05-19 08:00'),
            ('c4d695d2-cc18-11ed-afa1-0242ac120002', '2023-05-19 09:00'),
            ('c4d695d2-cc18-11ed-afa1-0242ac120002', '2023-05-19 10:00'),
            ('c4d695d2-cc18-11ed-afa1-0242ac120002', '2023-05-19 11:00'),
            ('c4d695d2-cc18-11ed-afa1-0242ac120002', '2023-05-19 12:00'),
            ('c4d695d2-cc18-11ed-afa1-0242ac120002', '2023-05-19 13:00'),
            ('c4d695d2-cc18-11ed-afa1-0242ac120002', '2023-05-19 14:00'),
            ('c4d695d2-cc18-11ed-afa1-0242ac120002', '2023-05-19 15:00'),
            ('c4d695d2-cc18-11ed-afa1-0242ac120002', '2023-05-19 16:00'),
            ('c4d695d2-cc18-11ed-afa1-0242ac120002', '2023-05-19 17:00'),
            ('c4d695d2-cc18-11ed-afa1-0242ac120002', '2023-05-22 08:00'),
            ('c4d695d2-cc18-11ed-afa1-0242ac120002', '2023-05-22 09:00'),
            ('c4d695d2-cc18-11ed-afa1-0242ac120002', '2023-05-22 10:00'),
            ('c4d695d2-cc18-11ed-afa1-0242ac120002', '2023-05-22 11:00'),
            ('c4d695d2-cc18-11ed-afa1-0242ac120002', '2023-05-22 12:00'),
            ('c4d695d2-cc18-11ed-afa1-0242ac120002', '2023-05-22 13:00'),
            ('c4d695d2-cc18-11ed-afa1-0242ac120002', '2023-05-22 14:00'),
            ('c4d695d2-cc18-11ed-afa1-0242ac120002', '2023-05-22 15:00'),
            ('c4d695d2-cc18-11ed-afa1-0242ac120002', '2023-05-23 08:00'),
            ('c4d695d2-cc18-11ed-afa1-0242ac120002', '2023-05-23 09:00'),
            ('c4d695d2-cc18-11ed-afa1-0242ac120002', '2023-05-23 10:00'),
            ('c4d695d2-cc18-11ed-afa1-0242ac120002', '2023-05-23 11:00'),
            ('c4d695d2-cc18-11ed-afa1-0242ac120002', '2023-05-23 12:00'),
            ('c4d695d2-cc18-11ed-afa1-0242ac120002', '2023-05-23 13:00'),
            ('c4d695d2-cc18-11ed-afa1-0242ac120002', '2023-05-23 14:00'),
            ('c4d695d2-cc18-11ed-afa1-0242ac120002', '2023-05-23 15:00'),
            ('c4d695d2-cc18-11ed-afa1-0242ac120002', '2023-05-23 16:00'),
            ('c4d695d2-cc18-11ed-afa1-0242ac120002', '2023-05-23 17:00'),
            ('c4d695d2-cc18-11ed-afa1-0242ac120002', '2023-05-24 08:00'),
            ('c4d695d2-cc18-11ed-afa1-0242ac120002', '2023-05-24 09:00'),
            ('c4d695d2-cc18-11ed-afa1-0242ac120002', '2023-05-24 10:00'),
            ('c4d695d2-cc18-11ed-afa1-0242ac120002', '2023-05-24 11:00'),
            ('c4d695d2-cc18-11ed-afa1-0242ac120002', '2023-05-24 12:00'),
            ('c4d695d2-cc18-11ed-afa1-0242ac120002', '2023-05-24 13:00'),
            ('c4d695d2-cc18-11ed-afa1-0242ac120002', '2023-05-24 14:00'),
            ('c4d695d2-cc18-11ed-afa1-0242ac120002', '2023-05-24 15:00'),
            ('c4d695d2-cc18-11ed-afa1-0242ac120002', '2023-05-24 16:00'),
            ('c4d695d2-cc18-11ed-afa1-0242ac120002', '2023-05-24 17:00'),
            ('c4d695d2-cc18-11ed-afa1-0242ac120002', '2023-05-25 08:00'),
            ('c4d695d2-cc18-11ed-afa1-0242ac120002', '2023-05-25 09:00'),
            ('c4d695d2-cc18-11ed-afa1-0242ac120002', '2023-05-25 10:00'),
            ('c4d695d2-cc18-11ed-afa1-0242ac120002', '2023-05-25 11:00'),
            ('c4d695d2-cc18-11ed-afa1-0242ac120002', '2023-05-25 12:00'),
            ('c4d695d2-cc18-11ed-afa1-0242ac120002', '2023-05-25 13:00'),
            ('c4d695d2-cc18-11ed-afa1-0242ac120002', '2023-05-25 14:00'),
            ('c4d695d2-cc18-11ed-afa1-0242ac120002', '2023-05-25 15:00'),
            ('c4d695d2-cc18-11ed-afa1-0242ac120002', '2023-05-25 16:00'),
            ('c4d695d2-cc18-11ed-afa1-0242ac120002', '2023-05-25 17:00'),
            ('c4d695d2-cc18-11ed-afa1-0242ac120002', '2023-05-26 08:00'),
            ('c4d695d2-cc18-11ed-afa1-0242ac120002', '2023-05-26 09:00'),
            ('c4d695d2-cc18-11ed-afa1-0242ac120002', '2023-05-26 10:00'),
            ('c4d695d2-cc18-11ed-afa1-0242ac120002', '2023-05-26 11:00'),
            ('c4d695d2-cc18-11ed-afa1-0242ac120002', '2023-05-26 12:00'),
            ('c4d695d2-cc18-11ed-afa1-0242ac120002', '2023-05-26 13:00'),
            ('c4d695d2-cc18-11ed-afa1-0242ac120002', '2023-05-26 14:00'),
            ('c4d695d2-cc18-11ed-afa1-0242ac120002', '2023-05-26 15:00'),
            ('c4d695d2-cc18-11ed-afa1-0242ac120002', '2023-05-26 16:00'),
            ('c4d695d2-cc18-11ed-afa1-0242ac120002', '2023-05-26 17:00'),
            ('c4d695d2-cc18-11ed-afa1-0242ac120002', '2023-05-29 08:00'),
            ('c4d695d2-cc18-11ed-afa1-0242ac120002', '2023-05-29 09:00'),
            ('c4d695d2-cc18-11ed-afa1-0242ac120002', '2023-05-29 10:00'),
            ('c4d695d2-cc18-11ed-afa1-0242ac120002', '2023-05-29 11:00'),
            ('c4d695d2-cc18-11ed-afa1-0242ac120002', '2023-05-29 12:00'),
            ('c4d695d2-cc18-11ed-afa1-0242ac120002', '2023-05-29 13:00'),
            ('c4d695d2-cc18-11ed-afa1-0242ac120002', '2023-05-29 14:00'),
            ('c4d695d2-cc18-11ed-afa1-0242ac120002', '2023-05-29 15:00'),
            ('c4d695d2-cc18-11ed-afa1-0242ac120002', '2023-05-29 16:00'),
            ('c4d695d2-cc18-11ed-afa1-0242ac120002', '2023-05-29 17:00'),

            ('c4d695d2-cc18-11ed-afa1-0242ac120002', '2023-06-01 07:30'),
            ('c4d695d2-cc18-11ed-afa1-0242ac120002', '2023-06-01 08:00'),
            ('c4d695d2-cc18-11ed-afa1-0242ac120002', '2023-06-01 09:00'),
            ('c4d695d2-cc18-11ed-afa1-0242ac120002', '2023-06-01 10:00'),
            ('c4d695d2-cc18-11ed-afa1-0242ac120002', '2023-06-01 11:00'),
            ('c4d695d2-cc18-11ed-afa1-0242ac120002', '2023-06-01 13:00'),
            ('c4d695d2-cc18-11ed-afa1-0242ac120002', '2023-06-01 14:00'),
            ('c4d695d2-cc18-11ed-afa1-0242ac120002', '2023-06-01 15:00'),
            ('c4d695d2-cc18-11ed-afa1-0242ac120002', '2023-06-01 16:00'),
            ('c4d695d2-cc18-11ed-afa1-0242ac120002', '2023-06-02 08:00'),
            ('c4d695d2-cc18-11ed-afa1-0242ac120002', '2023-06-02 09:00'),
            ('c4d695d2-cc18-11ed-afa1-0242ac120002', '2023-06-02 10:00'),
            ('c4d695d2-cc18-11ed-afa1-0242ac120002', '2023-06-02 11:00'),
            ('c4d695d2-cc18-11ed-afa1-0242ac120002', '2023-06-02 14:00'),
            ('c4d695d2-cc18-11ed-afa1-0242ac120002', '2023-06-02 15:00'),
            ('c4d695d2-cc18-11ed-afa1-0242ac120002', '2023-06-02 16:00'),
            ('c4d695d2-cc18-11ed-afa1-0242ac120002', '2023-06-02 17:00'),
            ('c4d695d2-cc18-11ed-afa1-0242ac120002', '2023-06-05 08:00'),
            ('c4d695d2-cc18-11ed-afa1-0242ac120002', '2023-06-05 09:00'),
            ('c4d695d2-cc18-11ed-afa1-0242ac120002', '2023-06-05 10:00'),
            ('c4d695d2-cc18-11ed-afa1-0242ac120002', '2023-06-05 11:00'),
            ('c4d695d2-cc18-11ed-afa1-0242ac120002', '2023-06-05 13:00'),
            ('c4d695d2-cc18-11ed-afa1-0242ac120002', '2023-06-05 14:00'),
            ('c4d695d2-cc18-11ed-afa1-0242ac120002', '2023-06-05 15:00'),
            ('c4d695d2-cc18-11ed-afa1-0242ac120002', '2023-06-05 16:00'),
            ('c4d695d2-cc18-11ed-afa1-0242ac120002', '2023-06-05 17:00'),
            ('c4d695d2-cc18-11ed-afa1-0242ac120002', '2023-06-06 08:00'),
            ('c4d695d2-cc18-11ed-afa1-0242ac120002', '2023-06-06 09:00'),
            ('c4d695d2-cc18-11ed-afa1-0242ac120002', '2023-06-06 10:00'),
            ('c4d695d2-cc18-11ed-afa1-0242ac120002', '2023-06-06 11:00'),
            ('c4d695d2-cc18-11ed-afa1-0242ac120002', '2023-06-06 12:00'),
            ('c4d695d2-cc18-11ed-afa1-0242ac120002', '2023-06-06 13:00'),
            ('c4d695d2-cc18-11ed-afa1-0242ac120002', '2023-06-06 14:00'),
            ('c4d695d2-cc18-11ed-afa1-0242ac120002', '2023-06-06 15:00'),
            ('c4d695d2-cc18-11ed-afa1-0242ac120002', '2023-06-06 16:00'),
            ('c4d695d2-cc18-11ed-afa1-0242ac120002', '2023-06-06 17:00'),
            ('c4d695d2-cc18-11ed-afa1-0242ac120002', '2023-06-07 08:00'),
            ('c4d695d2-cc18-11ed-afa1-0242ac120002', '2023-06-07 09:00'),
            ('c4d695d2-cc18-11ed-afa1-0242ac120002', '2023-06-07 10:00'),
            ('c4d695d2-cc18-11ed-afa1-0242ac120002', '2023-06-07 11:00'),
            ('c4d695d2-cc18-11ed-afa1-0242ac120002', '2023-06-07 12:00'),
            ('c4d695d2-cc18-11ed-afa1-0242ac120002', '2023-06-07 13:00'),
            ('c4d695d2-cc18-11ed-afa1-0242ac120002', '2023-06-07 14:00'),
            ('c4d695d2-cc18-11ed-afa1-0242ac120002', '2023-06-07 15:00'),
            ('c4d695d2-cc18-11ed-afa1-0242ac120002', '2023-06-07 16:00'),
            ('c4d695d2-cc18-11ed-afa1-0242ac120002', '2023-06-07 17:00'),
            ('c4d695d2-cc18-11ed-afa1-0242ac120002', '2023-06-08 08:00'),
            ('c4d695d2-cc18-11ed-afa1-0242ac120002', '2023-06-08 09:00'),
            ('c4d695d2-cc18-11ed-afa1-0242ac120002', '2023-06-08 10:00'),
            ('c4d695d2-cc18-11ed-afa1-0242ac120002', '2023-06-08 11:00'),
            ('c4d695d2-cc18-11ed-afa1-0242ac120002', '2023-06-08 12:00'),
            ('c4d695d2-cc18-11ed-afa1-0242ac120002', '2023-06-08 13:00'),
            ('c4d695d2-cc18-11ed-afa1-0242ac120002', '2023-06-08 14:00'),
            ('c4d695d2-cc18-11ed-afa1-0242ac120002', '2023-06-08 15:00'),
            ('c4d695d2-cc18-11ed-afa1-0242ac120002', '2023-06-08 16:00'),
            ('c4d695d2-cc18-11ed-afa1-0242ac120002', '2023-06-08 17:00'),
            ('c4d695d2-cc18-11ed-afa1-0242ac120002', '2023-06-09 08:00'),
            ('c4d695d2-cc18-11ed-afa1-0242ac120002', '2023-06-09 09:00'),
            ('c4d695d2-cc18-11ed-afa1-0242ac120002', '2023-06-09 10:00'),
            ('c4d695d2-cc18-11ed-afa1-0242ac120002', '2023-06-09 11:00'),
            ('c4d695d2-cc18-11ed-afa1-0242ac120002', '2023-06-09 12:00'),
            ('c4d695d2-cc18-11ed-afa1-0242ac120002', '2023-06-09 13:00'),
            ('c4d695d2-cc18-11ed-afa1-0242ac120002', '2023-06-20 08:00'),
            ('c4d695d2-cc18-11ed-afa1-0242ac120002', '2023-06-20 09:00'),
            ('c4d695d2-cc18-11ed-afa1-0242ac120002', '2023-06-30 08:00'),
            ('c4d695d2-cc18-11ed-afa1-0242ac120002', '2023-06-30 08:30'),
            ('c4d695d2-cc18-11ed-afa1-0242ac120002', '2023-06-30 09:00'),
            ('c4d695d2-cc18-11ed-afa1-0242ac120002', '2023-06-30 09:30'),
            ('c4d695d2-cc18-11ed-afa1-0242ac120002', '2023-06-30 23:59'),

            ('c4d695d2-cc18-11ed-afa1-0242ac120002', '2023-07-03 08:00'),
            ('c4d695d2-cc18-11ed-afa1-0242ac120002', '2023-07-03 09:00'),
            ('c4d695d2-cc18-11ed-afa1-0242ac120002', '2023-07-03 10:00'),
            ('c4d695d2-cc18-11ed-afa1-0242ac120002', '2023-07-03 11:00'),
            ('c4d695d2-cc18-11ed-afa1-0242ac120002', '2023-07-03 12:00'),
            ('c4d695d2-cc18-11ed-afa1-0242ac120002', '2023-07-03 13:00'),
            ('c4d695d2-cc18-11ed-afa1-0242ac120002', '2023-07-03 14:00'),
            ('c4d695d2-cc18-11ed-afa1-0242ac120002', '2023-07-03 15:00'),
            ('c4d695d2-cc18-11ed-afa1-0242ac120002', '2023-07-03 16:00'),
            ('c4d695d2-cc18-11ed-afa1-0242ac120002', '2023-07-03 17:00'),
            ('c4d695d2-cc18-11ed-afa1-0242ac120002', '2023-07-04 08:00'),
            ('c4d695d2-cc18-11ed-afa1-0242ac120002', '2023-07-04 09:00'),
            ('c4d695d2-cc18-11ed-afa1-0242ac120002', '2023-07-04 10:00'),
            ('c4d695d2-cc18-11ed-afa1-0242ac120002', '2023-07-04 11:00'),
            ('c4d695d2-cc18-11ed-afa1-0242ac120002', '2023-07-04 12:00'),
            ('c4d695d2-cc18-11ed-afa1-0242ac120002', '2023-07-04 13:00'),
            ('c4d695d2-cc18-11ed-afa1-0242ac120002', '2023-07-04 14:00'),
            ('c4d695d2-cc18-11ed-afa1-0242ac120002', '2023-07-04 15:00'),
            ('c4d695d2-cc18-11ed-afa1-0242ac120002', '2023-07-04 16:00'),
            ('c4d695d2-cc18-11ed-afa1-0242ac120002', '2023-07-04 17:00'),
            ('c4d695d2-cc18-11ed-afa1-0242ac120002', '2023-07-05 08:00'),
            ('c4d695d2-cc18-11ed-afa1-0242ac120002', '2023-07-05 09:00'),
            ('c4d695d2-cc18-11ed-afa1-0242ac120002', '2023-07-05 10:00'),
            ('c4d695d2-cc18-11ed-afa1-0242ac120002', '2023-07-05 11:00'),
            ('c4d695d2-cc18-11ed-afa1-0242ac120002', '2023-07-05 12:00'),
            ('c4d695d2-cc18-11ed-afa1-0242ac120002', '2023-07-05 13:00'),
            ('c4d695d2-cc18-11ed-afa1-0242ac120002', '2023-07-05 14:00'),
            ('c4d695d2-cc18-11ed-afa1-0242ac120002', '2023-07-05 15:00'),
            ('c4d695d2-cc18-11ed-afa1-0242ac120002', '2023-07-05 16:00'),
            ('c4d695d2-cc18-11ed-afa1-0242ac120002', '2023-07-05 17:00'),
            ('c4d695d2-cc18-11ed-afa1-0242ac120002', '2023-07-06 08:00'),
            ('c4d695d2-cc18-11ed-afa1-0242ac120002', '2023-07-06 09:00'),
            ('c4d695d2-cc18-11ed-afa1-0242ac120002', '2023-07-06 10:00'),
            ('c4d695d2-cc18-11ed-afa1-0242ac120002', '2023-07-06 11:00'),
            ('c4d695d2-cc18-11ed-afa1-0242ac120002', '2023-07-06 12:00'),
            ('c4d695d2-cc18-11ed-afa1-0242ac120002', '2023-07-06 13:00'),
            ('c4d695d2-cc18-11ed-afa1-0242ac120002', '2023-07-06 14:00'),
            ('c4d695d2-cc18-11ed-afa1-0242ac120002', '2023-07-06 15:00'),
            ('c4d695d2-cc18-11ed-afa1-0242ac120002', '2023-07-06 16:00'),
            ('c4d695d2-cc18-11ed-afa1-0242ac120002', '2023-07-06 17:00'),
            ('c4d695d2-cc18-11ed-afa1-0242ac120002', '2023-07-07 08:00'),
            ('c4d695d2-cc18-11ed-afa1-0242ac120002', '2023-07-07 09:00'),
            ('c4d695d2-cc18-11ed-afa1-0242ac120002', '2023-07-07 10:00'),
            ('c4d695d2-cc18-11ed-afa1-0242ac120002', '2023-07-07 11:00'),
            ('c4d695d2-cc18-11ed-afa1-0242ac120002', '2023-07-07 12:00'),
            ('c4d695d2-cc18-11ed-afa1-0242ac120002', '2023-07-07 13:00'),
            ('c4d695d2-cc18-11ed-afa1-0242ac120002', '2023-07-07 14:00'),
            ('c4d695d2-cc18-11ed-afa1-0242ac120002', '2023-07-07 15:00'),
            ('c4d695d2-cc18-11ed-afa1-0242ac120002', '2023-07-07 16:00'),
            ('c4d695d2-cc18-11ed-afa1-0242ac120002', '2023-07-07 17:00'),
            ('c4d695d2-cc18-11ed-afa1-0242ac120002', '2023-07-10 08:00'),
            ('c4d695d2-cc18-11ed-afa1-0242ac120002', '2023-07-10 09:00'),
            ('c4d695d2-cc18-11ed-afa1-0242ac120002', '2023-07-10 10:00'),
            ('c4d695d2-cc18-11ed-afa1-0242ac120002', '2023-07-10 11:00'),
            ('c4d695d2-cc18-11ed-afa1-0242ac120002', '2023-07-10 12:00'),
            ('c4d695d2-cc18-11ed-afa1-0242ac120002', '2023-07-10 13:00'),
            ('c4d695d2-cc18-11ed-afa1-0242ac120002', '2023-07-10 14:00'),
            ('c4d695d2-cc18-11ed-afa1-0242ac120002', '2023-07-10 15:00'),
            ('c4d695d2-cc18-11ed-afa1-0242ac120002', '2023-07-10 16:00'),
            ('c4d695d2-cc18-11ed-afa1-0242ac120002', '2023-07-10 17:00'),
            ('c4d695d2-cc18-11ed-afa1-0242ac120002', '2023-07-11 08:00'),
            ('c4d695d2-cc18-11ed-afa1-0242ac120002', '2023-07-11 09:00'),
            ('c4d695d2-cc18-11ed-afa1-0242ac120002', '2023-07-11 10:00'),
            ('c4d695d2-cc18-11ed-afa1-0242ac120002', '2023-07-11 11:00'),
            ('c4d695d2-cc18-11ed-afa1-0242ac120002', '2023-07-11 12:00'),
            ('c4d695d2-cc18-11ed-afa1-0242ac120002', '2023-07-11 13:00'),
            ('c4d695d2-cc18-11ed-afa1-0242ac120002', '2023-07-11 14:00'),
            ('c4d695d2-cc18-11ed-afa1-0242ac120002', '2023-07-11 15:00'),
            ('c4d695d2-cc18-11ed-afa1-0242ac120002', '2023-07-11 16:00'),
            ('c4d695d2-cc18-11ed-afa1-0242ac120002', '2023-07-11 17:00'),
            ('c4d695d2-cc18-11ed-afa1-0242ac120002', '2023-07-12 08:00'),
            ('c4d695d2-cc18-11ed-afa1-0242ac120002', '2023-07-12 09:00'),
            ('c4d695d2-cc18-11ed-afa1-0242ac120002', '2023-07-12 10:00'),
            ('c4d695d2-cc18-11ed-afa1-0242ac120002', '2023-07-12 11:00'),
            ('c4d695d2-cc18-11ed-afa1-0242ac120002', '2023-07-12 12:00'),
            ('c4d695d2-cc18-11ed-afa1-0242ac120002', '2023-07-12 13:00'),
            ('c4d695d2-cc18-11ed-afa1-0242ac120002', '2023-07-12 14:00'),
            ('c4d695d2-cc18-11ed-afa1-0242ac120002', '2023-07-12 15:00'),
            ('c4d695d2-cc18-11ed-afa1-0242ac120002', '2023-07-12 16:00'),
            ('c4d695d2-cc18-11ed-afa1-0242ac120002', '2023-07-12 17:00'),
            ('c4d695d2-cc18-11ed-afa1-0242ac120002', '2023-07-20 06:00'),
            ('c4d695d2-cc18-11ed-afa1-0242ac120002', '2023-07-20 06:30'),
            ('c4d695d2-cc18-11ed-afa1-0242ac120002', '2023-07-20 07:30'),
            ('c4d695d2-cc18-11ed-afa1-0242ac120002', '2023-07-20 08:00'),
            ('c4d695d2-cc18-11ed-afa1-0242ac120002', '2023-07-25 08:00'),
            ('c4d695d2-cc18-11ed-afa1-0242ac120002', '2023-07-25 08:30'),
            ('c4d695d2-cc18-11ed-afa1-0242ac120002', '2023-07-25 09:00'),
            ('c4d695d2-cc18-11ed-afa1-0242ac120002', '2023-07-25 09:30');

--Aen Vengerberg timeslots
INSERT INTO timeslot (physicianid, date)
    VALUES
            ('698e415e-ca7c-11ed-afa1-0242ac120002', '2023-04-02 10:00'),
            ('698e415e-ca7c-11ed-afa1-0242ac120002', '2023-04-03 10:00'),
            ('698e415e-ca7c-11ed-afa1-0242ac120002', '2023-04-04 10:00'),
            ('698e415e-ca7c-11ed-afa1-0242ac120002', '2023-04-05 10:00'),
            ('698e415e-ca7c-11ed-afa1-0242ac120002', '2023-04-25 10:00'),
            ('698e415e-ca7c-11ed-afa1-0242ac120002', '2023-04-26 10:00'),
            ('698e415e-ca7c-11ed-afa1-0242ac120002', '2023-04-27 10:30'),
            ('698e415e-ca7c-11ed-afa1-0242ac120002', '2023-04-27 10:45'),
            ('698e415e-ca7c-11ed-afa1-0242ac120002', '2023-04-27 11:00'),
            ('698e415e-ca7c-11ed-afa1-0242ac120002', '2023-04-28 12:30'),
            ('698e415e-ca7c-11ed-afa1-0242ac120002', '2023-04-28 12:45'),
            ('698e415e-ca7c-11ed-afa1-0242ac120002', '2023-04-29 08:00'),
            ('698e415e-ca7c-11ed-afa1-0242ac120002', '2023-04-29 08:30'),
            ('698e415e-ca7c-11ed-afa1-0242ac120002', '2023-04-30 06:00'),
            ('698e415e-ca7c-11ed-afa1-0242ac120002', '2023-04-30 07:30'),
            ('698e415e-ca7c-11ed-afa1-0242ac120002', '2023-04-30 08:00'),
            ('698e415e-ca7c-11ed-afa1-0242ac120002', '2023-04-30 08:30'),
            ('698e415e-ca7c-11ed-afa1-0242ac120002', '2023-04-30 23:59'),

            ('698e415e-ca7c-11ed-afa1-0242ac120002', '2023-05-14 11:00'),
            ('698e415e-ca7c-11ed-afa1-0242ac120002', '2023-05-14 12:00'),
            ('698e415e-ca7c-11ed-afa1-0242ac120002', '2023-05-14 13:00'),
            ('698e415e-ca7c-11ed-afa1-0242ac120002', '2023-05-14 14:00'),
            ('698e415e-ca7c-11ed-afa1-0242ac120002', '2023-05-14 15:00'),
            ('698e415e-ca7c-11ed-afa1-0242ac120002', '2023-05-14 16:00'),
            ('698e415e-ca7c-11ed-afa1-0242ac120002', '2023-05-14 17:00'),
            ('698e415e-ca7c-11ed-afa1-0242ac120002', '2023-05-15 08:00'),
            ('698e415e-ca7c-11ed-afa1-0242ac120002', '2023-05-15 09:00'),
            ('698e415e-ca7c-11ed-afa1-0242ac120002', '2023-05-15 13:00'),
            ('698e415e-ca7c-11ed-afa1-0242ac120002', '2023-05-15 14:00'),
            ('698e415e-ca7c-11ed-afa1-0242ac120002', '2023-05-15 15:00'),
            ('698e415e-ca7c-11ed-afa1-0242ac120002', '2023-05-15 16:00'),
            ('698e415e-ca7c-11ed-afa1-0242ac120002', '2023-05-15 17:00'),
            ('698e415e-ca7c-11ed-afa1-0242ac120002', '2023-05-16 08:00'),
            ('698e415e-ca7c-11ed-afa1-0242ac120002', '2023-05-16 09:00'),
            ('698e415e-ca7c-11ed-afa1-0242ac120002', '2023-05-16 10:00'),
            ('698e415e-ca7c-11ed-afa1-0242ac120002', '2023-05-16 13:00'),
            ('698e415e-ca7c-11ed-afa1-0242ac120002', '2023-05-16 14:00'),
            ('698e415e-ca7c-11ed-afa1-0242ac120002', '2023-05-16 15:00'),
            ('698e415e-ca7c-11ed-afa1-0242ac120002', '2023-05-16 16:00'),
            ('698e415e-ca7c-11ed-afa1-0242ac120002', '2023-05-16 17:00'),
            ('698e415e-ca7c-11ed-afa1-0242ac120002', '2023-05-17 08:00'),
            ('698e415e-ca7c-11ed-afa1-0242ac120002', '2023-05-17 09:00'),
            ('698e415e-ca7c-11ed-afa1-0242ac120002', '2023-05-17 10:00'),
            ('698e415e-ca7c-11ed-afa1-0242ac120002', '2023-05-17 11:00'),
            ('698e415e-ca7c-11ed-afa1-0242ac120002', '2023-05-17 12:00'),
            ('698e415e-ca7c-11ed-afa1-0242ac120002', '2023-05-17 13:00'),
            ('698e415e-ca7c-11ed-afa1-0242ac120002', '2023-05-17 14:00'),
            ('698e415e-ca7c-11ed-afa1-0242ac120002', '2023-05-17 15:00'),
            ('698e415e-ca7c-11ed-afa1-0242ac120002', '2023-05-17 16:00'),
            ('698e415e-ca7c-11ed-afa1-0242ac120002', '2023-05-17 17:00'),
            ('698e415e-ca7c-11ed-afa1-0242ac120002', '2023-05-20 08:00'),
            ('698e415e-ca7c-11ed-afa1-0242ac120002', '2023-05-20 09:00'),
            ('698e415e-ca7c-11ed-afa1-0242ac120002', '2023-05-20 10:00'),
            ('698e415e-ca7c-11ed-afa1-0242ac120002', '2023-05-20 11:00'),
            ('698e415e-ca7c-11ed-afa1-0242ac120002', '2023-05-20 12:00'),
            ('698e415e-ca7c-11ed-afa1-0242ac120002', '2023-05-20 13:00'),
            ('698e415e-ca7c-11ed-afa1-0242ac120002', '2023-05-20 14:00'),
            ('698e415e-ca7c-11ed-afa1-0242ac120002', '2023-05-20 15:00'),
            ('698e415e-ca7c-11ed-afa1-0242ac120002', '2023-05-20 16:00'),
            ('698e415e-ca7c-11ed-afa1-0242ac120002', '2023-05-20 17:00'),
            ('698e415e-ca7c-11ed-afa1-0242ac120002', '2023-05-23 08:00'),
            ('698e415e-ca7c-11ed-afa1-0242ac120002', '2023-05-23 09:00'),
            ('698e415e-ca7c-11ed-afa1-0242ac120002', '2023-05-23 12:00'),
            ('698e415e-ca7c-11ed-afa1-0242ac120002', '2023-05-23 13:00'),
            ('698e415e-ca7c-11ed-afa1-0242ac120002', '2023-05-23 14:00'),
            ('698e415e-ca7c-11ed-afa1-0242ac120002', '2023-05-23 15:00'),
            ('698e415e-ca7c-11ed-afa1-0242ac120002', '2023-05-23 16:00'),
            ('698e415e-ca7c-11ed-afa1-0242ac120002', '2023-05-24 08:00'),
            ('698e415e-ca7c-11ed-afa1-0242ac120002', '2023-05-24 09:00'),
            ('698e415e-ca7c-11ed-afa1-0242ac120002', '2023-05-24 10:00'),
            ('698e415e-ca7c-11ed-afa1-0242ac120002', '2023-05-24 11:00'),
            ('698e415e-ca7c-11ed-afa1-0242ac120002', '2023-05-24 12:00'),
            ('698e415e-ca7c-11ed-afa1-0242ac120002', '2023-05-24 13:00'),
            ('698e415e-ca7c-11ed-afa1-0242ac120002', '2023-05-24 14:00'),
            ('698e415e-ca7c-11ed-afa1-0242ac120002', '2023-05-24 16:00'),
            ('698e415e-ca7c-11ed-afa1-0242ac120002', '2023-05-25 08:00'),
            ('698e415e-ca7c-11ed-afa1-0242ac120002', '2023-05-25 09:00'),
            ('698e415e-ca7c-11ed-afa1-0242ac120002', '2023-05-25 10:00'),
            ('698e415e-ca7c-11ed-afa1-0242ac120002', '2023-05-25 12:00'),
            ('698e415e-ca7c-11ed-afa1-0242ac120002', '2023-05-25 13:00'),
            ('698e415e-ca7c-11ed-afa1-0242ac120002', '2023-05-25 14:00'),
            ('698e415e-ca7c-11ed-afa1-0242ac120002', '2023-06-01 15:00'),

            ('698e415e-ca7c-11ed-afa1-0242ac120002', '2023-06-02 08:00'),
            ('698e415e-ca7c-11ed-afa1-0242ac120002', '2023-06-02 09:00'),
            ('698e415e-ca7c-11ed-afa1-0242ac120002', '2023-06-02 13:00'),
            ('698e415e-ca7c-11ed-afa1-0242ac120002', '2023-06-02 14:00'),
            ('698e415e-ca7c-11ed-afa1-0242ac120002', '2023-06-02 15:00'),

            ('698e415e-ca7c-11ed-afa1-0242ac120002', '2023-06-05 15:00'),
            ('698e415e-ca7c-11ed-afa1-0242ac120002', '2023-06-05 16:00'),
            ('698e415e-ca7c-11ed-afa1-0242ac120002', '2023-06-05 17:00'),
            ('698e415e-ca7c-11ed-afa1-0242ac120002', '2023-06-06 11:00'),

            ('698e415e-ca7c-11ed-afa1-0242ac120002', '2023-06-06 13:00'),
            ('698e415e-ca7c-11ed-afa1-0242ac120002', '2023-06-06 14:00'),
            ('698e415e-ca7c-11ed-afa1-0242ac120002', '2023-06-06 15:00'),

            ('698e415e-ca7c-11ed-afa1-0242ac120002', '2023-06-06 17:00'),
            ('698e415e-ca7c-11ed-afa1-0242ac120002', '2023-06-07 08:00'),
            ('698e415e-ca7c-11ed-afa1-0242ac120002', '2023-06-07 09:00'),
            ('698e415e-ca7c-11ed-afa1-0242ac120002', '2023-06-07 10:00'),

            ('698e415e-ca7c-11ed-afa1-0242ac120002', '2023-06-07 13:00'),
            ('698e415e-ca7c-11ed-afa1-0242ac120002', '2023-06-07 14:00'),
            ('698e415e-ca7c-11ed-afa1-0242ac120002', '2023-06-07 15:00'),
            ('698e415e-ca7c-11ed-afa1-0242ac120002', '2023-06-07 16:00'),

            ('698e415e-ca7c-11ed-afa1-0242ac120002', '2023-06-08 10:00'),
            ('698e415e-ca7c-11ed-afa1-0242ac120002', '2023-06-08 11:00'),
            ('698e415e-ca7c-11ed-afa1-0242ac120002', '2023-06-08 12:00'),
            ('698e415e-ca7c-11ed-afa1-0242ac120002', '2023-06-08 13:00'),
            ('698e415e-ca7c-11ed-afa1-0242ac120002', '2023-06-08 14:00'),
            ('698e415e-ca7c-11ed-afa1-0242ac120002', '2023-06-08 15:00'),
            ('698e415e-ca7c-11ed-afa1-0242ac120002', '2023-06-08 16:00'),
            ('698e415e-ca7c-11ed-afa1-0242ac120002', '2023-06-08 17:00'),
            ('698e415e-ca7c-11ed-afa1-0242ac120002', '2023-06-09 08:00'),
            ('698e415e-ca7c-11ed-afa1-0242ac120002', '2023-06-09 09:00'),
            ('698e415e-ca7c-11ed-afa1-0242ac120002', '2023-06-09 10:00'),
            ('698e415e-ca7c-11ed-afa1-0242ac120002', '2023-06-09 11:00'),
            ('698e415e-ca7c-11ed-afa1-0242ac120002', '2023-06-09 12:00'),
            ('698e415e-ca7c-11ed-afa1-0242ac120002', '2023-06-09 13:00'),
            ('698e415e-ca7c-11ed-afa1-0242ac120002', '2023-06-09 14:00'),

            ('698e415e-ca7c-11ed-afa1-0242ac120002', '2023-06-09 16:00'),
            ('698e415e-ca7c-11ed-afa1-0242ac120002', '2023-06-09 17:00'),
            ('698e415e-ca7c-11ed-afa1-0242ac120002', '2023-06-12 08:00'),
            ('698e415e-ca7c-11ed-afa1-0242ac120002', '2023-06-12 09:00'),
            ('698e415e-ca7c-11ed-afa1-0242ac120002', '2023-06-12 10:00'),
            ('698e415e-ca7c-11ed-afa1-0242ac120002', '2023-06-12 13:00'),
            ('698e415e-ca7c-11ed-afa1-0242ac120002', '2023-06-12 14:00'),
            ('698e415e-ca7c-11ed-afa1-0242ac120002', '2023-06-12 15:00'),
            ('698e415e-ca7c-11ed-afa1-0242ac120002', '2023-06-12 16:00'),
            ('698e415e-ca7c-11ed-afa1-0242ac120002', '2023-06-12 17:00'),
            ('698e415e-ca7c-11ed-afa1-0242ac120002', '2023-06-13 08:00'),
            ('698e415e-ca7c-11ed-afa1-0242ac120002', '2023-06-13 09:00'),
            ('698e415e-ca7c-11ed-afa1-0242ac120002', '2023-06-13 10:00'),
            ('698e415e-ca7c-11ed-afa1-0242ac120002', '2023-06-13 11:00'),
            ('698e415e-ca7c-11ed-afa1-0242ac120002', '2023-06-13 12:00'),
            ('698e415e-ca7c-11ed-afa1-0242ac120002', '2023-06-13 13:00'),
            ('698e415e-ca7c-11ed-afa1-0242ac120002', '2023-06-13 14:00'),
            ('698e415e-ca7c-11ed-afa1-0242ac120002', '2023-06-13 15:00'),
            ('698e415e-ca7c-11ed-afa1-0242ac120002', '2023-06-13 16:00'),
            ('698e415e-ca7c-11ed-afa1-0242ac120002', '2023-06-13 17:00'),
            ('698e415e-ca7c-11ed-afa1-0242ac120002', '2023-06-14 08:00'),
            ('698e415e-ca7c-11ed-afa1-0242ac120002', '2023-06-14 09:00'),
            ('698e415e-ca7c-11ed-afa1-0242ac120002', '2023-06-14 10:00'),
            ('698e415e-ca7c-11ed-afa1-0242ac120002', '2023-06-14 15:00'),
            ('698e415e-ca7c-11ed-afa1-0242ac120002', '2023-06-14 16:00'),
            ('698e415e-ca7c-11ed-afa1-0242ac120002', '2023-06-14 17:00'),

            ('698e415e-ca7c-11ed-afa1-0242ac120002', '2023-06-16 09:00'),
            ('698e415e-ca7c-11ed-afa1-0242ac120002', '2023-06-16 10:00'),
            ('698e415e-ca7c-11ed-afa1-0242ac120002', '2023-06-16 12:00'),

            ('698e415e-ca7c-11ed-afa1-0242ac120002', '2023-07-03 08:00'),
            ('698e415e-ca7c-11ed-afa1-0242ac120002', '2023-07-03 09:00'),
            ('698e415e-ca7c-11ed-afa1-0242ac120002', '2023-07-03 10:00'),
            ('698e415e-ca7c-11ed-afa1-0242ac120002', '2023-07-03 11:00'),
            ('698e415e-ca7c-11ed-afa1-0242ac120002', '2023-07-03 12:00'),
            ('698e415e-ca7c-11ed-afa1-0242ac120002', '2023-07-03 13:00'),
            ('698e415e-ca7c-11ed-afa1-0242ac120002', '2023-07-03 14:00'),
            ('698e415e-ca7c-11ed-afa1-0242ac120002', '2023-07-03 15:00'),
            ('698e415e-ca7c-11ed-afa1-0242ac120002', '2023-07-03 16:00'),
            ('698e415e-ca7c-11ed-afa1-0242ac120002', '2023-07-03 17:00'),
            ('698e415e-ca7c-11ed-afa1-0242ac120002', '2023-07-04 08:00'),
            ('698e415e-ca7c-11ed-afa1-0242ac120002', '2023-07-04 09:00'),
            ('698e415e-ca7c-11ed-afa1-0242ac120002', '2023-07-04 10:00'),
            ('698e415e-ca7c-11ed-afa1-0242ac120002', '2023-07-04 11:00'),
            ('698e415e-ca7c-11ed-afa1-0242ac120002', '2023-07-04 12:00'),
            ('698e415e-ca7c-11ed-afa1-0242ac120002', '2023-07-04 13:00'),
            ('698e415e-ca7c-11ed-afa1-0242ac120002', '2023-07-04 14:00'),
            ('698e415e-ca7c-11ed-afa1-0242ac120002', '2023-07-04 15:00'),
            ('698e415e-ca7c-11ed-afa1-0242ac120002', '2023-07-04 16:00'),
            ('698e415e-ca7c-11ed-afa1-0242ac120002', '2023-07-04 17:00'),
            ('698e415e-ca7c-11ed-afa1-0242ac120002', '2023-07-05 08:00'),
            ('698e415e-ca7c-11ed-afa1-0242ac120002', '2023-07-05 09:00'),
            ('698e415e-ca7c-11ed-afa1-0242ac120002', '2023-07-05 10:00'),
            ('698e415e-ca7c-11ed-afa1-0242ac120002', '2023-07-05 11:00'),
            ('698e415e-ca7c-11ed-afa1-0242ac120002', '2023-07-05 12:00'),
            ('698e415e-ca7c-11ed-afa1-0242ac120002', '2023-07-05 13:00'),
            ('698e415e-ca7c-11ed-afa1-0242ac120002', '2023-07-05 14:00'),
            ('698e415e-ca7c-11ed-afa1-0242ac120002', '2023-07-05 15:00'),
            ('698e415e-ca7c-11ed-afa1-0242ac120002', '2023-07-05 16:00'),
            ('698e415e-ca7c-11ed-afa1-0242ac120002', '2023-07-05 17:00'),
            ('698e415e-ca7c-11ed-afa1-0242ac120002', '2023-07-06 08:00'),
            ('698e415e-ca7c-11ed-afa1-0242ac120002', '2023-07-06 09:00'),
            ('698e415e-ca7c-11ed-afa1-0242ac120002', '2023-07-06 10:00'),
            ('698e415e-ca7c-11ed-afa1-0242ac120002', '2023-07-06 11:00'),
            ('698e415e-ca7c-11ed-afa1-0242ac120002', '2023-07-06 12:00'),
            ('698e415e-ca7c-11ed-afa1-0242ac120002', '2023-07-06 13:00'),
            ('698e415e-ca7c-11ed-afa1-0242ac120002', '2023-07-06 14:00'),
            ('698e415e-ca7c-11ed-afa1-0242ac120002', '2023-07-06 15:00'),
            ('698e415e-ca7c-11ed-afa1-0242ac120002', '2023-07-06 16:00'),
            ('698e415e-ca7c-11ed-afa1-0242ac120002', '2023-07-06 17:00'),
            ('698e415e-ca7c-11ed-afa1-0242ac120002', '2023-07-07 08:00'),
            ('698e415e-ca7c-11ed-afa1-0242ac120002', '2023-07-07 09:00'),
            ('698e415e-ca7c-11ed-afa1-0242ac120002', '2023-07-07 10:00'),
            ('698e415e-ca7c-11ed-afa1-0242ac120002', '2023-07-07 11:00'),
            ('698e415e-ca7c-11ed-afa1-0242ac120002', '2023-07-07 12:00'),
            ('698e415e-ca7c-11ed-afa1-0242ac120002', '2023-07-07 13:00'),
            ('698e415e-ca7c-11ed-afa1-0242ac120002', '2023-07-07 14:00'),
            ('698e415e-ca7c-11ed-afa1-0242ac120002', '2023-07-07 15:00'),
            ('698e415e-ca7c-11ed-afa1-0242ac120002', '2023-07-07 16:00'),
            ('698e415e-ca7c-11ed-afa1-0242ac120002', '2023-07-07 17:00'),
            ('698e415e-ca7c-11ed-afa1-0242ac120002', '2023-07-10 08:00'),
            ('698e415e-ca7c-11ed-afa1-0242ac120002', '2023-07-10 09:00'),
            ('698e415e-ca7c-11ed-afa1-0242ac120002', '2023-07-10 10:00'),
            ('698e415e-ca7c-11ed-afa1-0242ac120002', '2023-07-10 11:00'),
            ('698e415e-ca7c-11ed-afa1-0242ac120002', '2023-07-10 12:00'),
            ('698e415e-ca7c-11ed-afa1-0242ac120002', '2023-07-10 13:00'),
            ('698e415e-ca7c-11ed-afa1-0242ac120002', '2023-07-10 14:00'),
            ('698e415e-ca7c-11ed-afa1-0242ac120002', '2023-07-10 15:00'),
            ('698e415e-ca7c-11ed-afa1-0242ac120002', '2023-07-10 16:00'),
            ('698e415e-ca7c-11ed-afa1-0242ac120002', '2023-07-10 17:00'),
            ('698e415e-ca7c-11ed-afa1-0242ac120002', '2023-07-11 08:00'),
            ('698e415e-ca7c-11ed-afa1-0242ac120002', '2023-07-11 09:00'),
            ('698e415e-ca7c-11ed-afa1-0242ac120002', '2023-07-11 10:00'),
            ('698e415e-ca7c-11ed-afa1-0242ac120002', '2023-07-11 11:00'),
            ('698e415e-ca7c-11ed-afa1-0242ac120002', '2023-07-11 12:00'),
            ('698e415e-ca7c-11ed-afa1-0242ac120002', '2023-07-11 13:00'),
            ('698e415e-ca7c-11ed-afa1-0242ac120002', '2023-07-11 14:00'),
            ('698e415e-ca7c-11ed-afa1-0242ac120002', '2023-07-11 15:00'),
            ('698e415e-ca7c-11ed-afa1-0242ac120002', '2023-07-11 16:00'),
            ('698e415e-ca7c-11ed-afa1-0242ac120002', '2023-07-11 17:00'),
            ('698e415e-ca7c-11ed-afa1-0242ac120002', '2023-07-12 08:00'),
            ('698e415e-ca7c-11ed-afa1-0242ac120002', '2023-07-12 09:00'),
            ('698e415e-ca7c-11ed-afa1-0242ac120002', '2023-07-12 10:00'),
            ('698e415e-ca7c-11ed-afa1-0242ac120002', '2023-07-12 11:00'),
            ('698e415e-ca7c-11ed-afa1-0242ac120002', '2023-07-12 12:00'),
            ('698e415e-ca7c-11ed-afa1-0242ac120002', '2023-07-12 13:00'),
            ('698e415e-ca7c-11ed-afa1-0242ac120002', '2023-07-12 14:00'),
            ('698e415e-ca7c-11ed-afa1-0242ac120002', '2023-07-12 15:00'),
            ('698e415e-ca7c-11ed-afa1-0242ac120002', '2023-07-12 16:00'),
            ('698e415e-ca7c-11ed-afa1-0242ac120002', '2023-07-12 17:00'),
            ('698e415e-ca7c-11ed-afa1-0242ac120002', '2023-07-13 08:00'),
            ('698e415e-ca7c-11ed-afa1-0242ac120002', '2023-07-13 09:00'),
            ('698e415e-ca7c-11ed-afa1-0242ac120002', '2023-07-13 10:00'),
            ('698e415e-ca7c-11ed-afa1-0242ac120002', '2023-07-13 11:00'),
            ('698e415e-ca7c-11ed-afa1-0242ac120002', '2023-07-13 12:00'),
            ('698e415e-ca7c-11ed-afa1-0242ac120002', '2023-07-13 13:00'),
            ('698e415e-ca7c-11ed-afa1-0242ac120002', '2023-07-13 14:00'),
            ('698e415e-ca7c-11ed-afa1-0242ac120002', '2023-07-13 15:00'),
            ('698e415e-ca7c-11ed-afa1-0242ac120002', '2023-07-13 16:00'),
            ('698e415e-ca7c-11ed-afa1-0242ac120002', '2023-07-13 17:00');


--booked timeslots
INSERT INTO timeslot (physicianid, date, patientid)
    VALUES ('698e415e-ca7c-11ed-afa1-0242ac120002', '2023-05-15 10:00', '52e2fc8e-d5b1-43e0-bde6-5dca5f96ced3'),
           ('698e415e-ca7c-11ed-afa1-0242ac120002', '2023-06-01 12:00', 'b6c7d8e9-0123-4567-89ab-cdef66234567'),
           ('698e415e-ca7c-11ed-afa1-0242ac120002', '2023-06-01 13:00', 'b6c7d8e9-0123-4567-89ab-cdef03334567'),
           ('698e415e-ca7c-11ed-afa1-0242ac120002', '2023-06-01 14:00', 'a2246d5b-c433-48c8-a82b-d338976417a0'),
           ('698e415e-ca7c-11ed-afa1-0242ac120002', '2023-06-01 16:00', 'eb5cd7ba-f1be-4595-9da8-995e1fe08ed5'),
           ('698e415e-ca7c-11ed-afa1-0242ac120002', '2023-06-01 17:00', '8568a15d-b29e-41ae-845c-50cc94421f53'),
           ('698e415e-ca7c-11ed-afa1-0242ac120002', '2023-06-02 10:00', '7014e98a-b93d-4ec7-801d-c73e0cf9d5c0'),
           ('698e415e-ca7c-11ed-afa1-0242ac120002', '2023-06-02 11:00', '041eb52a-f0b7-4114-97eb-2bea7876b03d'),
           ('698e415e-ca7c-11ed-afa1-0242ac120002', '2023-06-02 12:00', 'e89e027e-cb1f-11ed-afa1-0342ac123002'),
           ('698e415e-ca7c-11ed-afa1-0242ac120002', '2023-06-05 08:00', 'f5e843ba-ce74-11ed-afa1-0242ac120002'),
           ('698e415e-ca7c-11ed-afa1-0242ac120002', '2023-06-05 09:00', 'f5a643ba-ce99-11ed-afa1-1232ac120002'),
           ('698e415e-ca7c-11ed-afa1-0242ac120002', '2023-06-05 10:00', 'a1b2c3d4-ce74-11ed-afa1-0242ac120002'),
           ('698e415e-ca7c-11ed-afa1-0242ac120002', '2023-06-05 11:00', 'a5b6c7d8-ce99-11ed-afa1-1232ac120002'),
           ('698e415e-ca7c-11ed-afa1-0242ac120002', '2023-06-05 12:00', 'a9b8c7d6-fe43-11ef-9876-abcdef123456'),
           ('698e415e-ca7c-11ed-afa1-0242ac120002', '2023-06-05 13:00', 'b2c3d4e5-5678-def9-0a12-bcde3456ef78'),
           ('698e415e-ca7c-11ed-afa1-0242ac120002', '2023-06-05 14:00', 'b6c7d8e9-0123-4567-89ab-cdef01234567'),
           ('698e415e-ca7c-11ed-afa1-0242ac120002', '2023-06-06 12:00', 'b6c7d8e9-0123-4567-89ab-cdef03234567'),
           ('698e415e-ca7c-11ed-afa1-0242ac120002', '2023-06-06 16:00', 'b7c7d8e9-0123-4567-89ab-cdef01234567'),
           ('698e415e-ca7c-11ed-afa1-0242ac120002', '2023-06-07 11:00', 'b6c7d8e9-0123-4567-89ab-cdef01234537'),
           ('698e415e-ca7c-11ed-afa1-0242ac120002', '2023-06-08 08:00', 'b6c7d8e9-0123-4567-89ab-cdef01334567'),
           ('698e415e-ca7c-11ed-afa1-0242ac120002', '2023-06-08 09:00', 'b8c7d8e9-0123-4567-89ab-cdef01234567'),
           ('698e415e-ca7c-11ed-afa1-0242ac120002', '2023-06-09 15:00', 'b6c7d8e9-0123-4567-89ab-cdef01231267'),



           ('698e415e-ca7c-11ed-afa1-0242ac120002', '2023-05-23 10:00', 'b6c7d2e9-0123-4567-89ab-cdef66234567'),
           ('698e415e-ca7c-11ed-afa1-0242ac120002', '2023-05-23 11:00', 'b6c7d3e9-0123-4567-89ab-cdef66234567'),
           ('698e415e-ca7c-11ed-afa1-0242ac120002', '2023-05-23 17:00', 'b6c7d9e9-0123-4567-89ab-cdef66234567'),
           ('698e415e-ca7c-11ed-afa1-0242ac120002', '2023-05-24 15:00', 'b6c7d4e9-0123-4567-89ab-cdef66234567'),
           ('698e415e-ca7c-11ed-afa1-0242ac120002', '2023-05-24 17:00', 'b6c7d5e9-0123-4567-89ab-cdef66234567'),
           ('698e415e-ca7c-11ed-afa1-0242ac120002', '2023-05-25 11:00', 'b6c7d6e9-0123-4567-89ab-cfef66234567'),
           ('698e415e-ca7c-11ed-afa1-0242ac120002', '2023-05-25 15:00', 'b6c7d8e9-0123-4567-90ab-cdef66234567'),
           ('698e415e-ca7c-11ed-afa1-0242ac120002', '2023-05-25 16:00', 'b6c7d8e9-0143-6667-89ab-cdef66234567'),
           ('698e415e-ca7c-11ed-afa1-0242ac120002', '2023-05-25 17:00', 'b6c7d1e9-0123-4567-89ab-cdef66214567'),



           ('c4d695d2-cc18-11ed-afa1-0242ac120002', '2023-02-25 10:00', '52e2fc8e-d5b1-43e0-bde6-5dca5f96ced3'),
           ('f8a8e135-cc11-11ed-8f53-0242ac345445', '2023-01-23 09:30', '52e2fc8e-d5b1-43e0-bde6-5dca5f96ced3'),
            ('f8a8e135-cc11-11ed-8f53-0242ac131313', '2023-02-10 06:30', '52e2fc8e-d5b1-43e0-bde6-5dca5f96ced3'),
            ('f8a8e135-cc11-11ed-8f53-0242ac666666', '2023-06-28 11:30', '52e2fc8e-d5b1-43e0-bde6-5dca5f96ced3'),
           ('f8a8e135-cc11-11ed-8f53-0242ac112345', '2023-04-01 06:30', '52e2fc8e-d5b1-43e0-bde6-5dca5f96ced3'),
           ('f8a8e135-cc11-11ed-8f53-0242ac123666', '2023-04-23 07:30', '52e2fc8e-d5b1-43e0-bde6-5dca5f96ced3'),
           ('f8a8e135-cc11-11ed-8f53-0242ac333333', '2023-04-29 06:30', '52e2fc8e-d5b1-43e0-bde6-5dca5f96ced3'),
            ('60867f57-9fb1-45e4-9a34-0715ec32f476', '2023-05-01 11:30', '52e2fc8e-d5b1-43e0-bde6-5dca5f96ced3');

--additional Info
INSERT INTO additional_patient_info (user_id, gender, birth_date, phone, street, city, postal_code,
                                     country, emergency_name, emergency_last_name, emergency_phone,
                                     emergency_relation)
    VALUES ('f5e843ba-ce74-11ed-afa1-0242ac120002', 'male', '1990-09-09', 37062345678, 'Zalgiris g. 112',
        'Vilnius', '09300', 'Lithuania', 'Vardenis', 'Pavardenis', 37068765432, 'Father'),
        ('b6c7d8e9-0123-4567-89ab-cdef66234567', 'male', '1982-01-09', 37062345678, 'Zalgiris g. 123',
        'Vilnius', '08216', 'Lithuania', 'Vardenis', 'Pavardenis', 37068765432, 'Father'),
        ('b6c7d8e9-0123-4567-89ab-cdef03334567', 'female', '1995-09-09', 37062345678, 'Zalgiris g. 88',
        'Vilnius', '09303', 'Lithuania', 'Vardenis', 'Pavardenis', 37068765432, 'Grandfather'),
        ('a2246d5b-c433-48c8-a82b-d338976417a0', 'male', '1999-11-03', 37062345678, 'Zalgiris g. 122',
        'Vilnius', '09300', 'Lithuania', 'Vardenis', 'Pavardenis', 37068765432, 'Mother'),
        ('8568a15d-b29e-41ae-845c-50cc94421f53', 'male', '1993-09-09', 37062345678, 'Zalgiris g. 22',
        'Kaunas', '54115', 'Lithuania', 'Vardenis', 'Pavardenis', 37068765432, 'Mother'),
        ('eb5cd7ba-f1be-4595-9da8-995e1fe08ed5', 'male', '1939-12-01', 37062345678, 'Zalgiris g. 113',
        'Vilnius', '09300', 'Lithuania', 'Vardenis', 'Pavardenis', 37068765432, 'Father'),
        ('b6c7d6e9-0123-4567-89ab-cfef66234551', 'male', '1978-12-01', 37062345678, 'Zalgiris g. 112',
        'Vilnius', '09300', 'Lithuania', 'Nicolas', 'Brown', 37068765432, 'Father'),
        ('81fe6628-7f9f-4f2e-be41-a190aa369831', 'female', '1977-12-01', 37062345678, 'Zalgiris g. 111',
        'Vilnius', '09300', 'Lithuania', 'Frida', 'Herbert', 37068765432, 'Mother');



